EventID, Duration, TimeStep, Region, AEP, Increments,,,,,,,,,,,,,,,,,,,,,,,,,,,,,,,,,,,,,,,,,,,,,,,,,,,,,,,,,,,,,,,,,,,,,,,,
1001,120,5,Juniper Coast,frequent,0.96,1.49,2.35,4.15,6.5,8.46,6.13,12.78,15.19,10,8.98,6.48,4.58,3.29,2.02,1.24,0.9,0.86,0.7,0.6,0.6,0.59,0.59,0.56,,,,,,,,,,,,,,,,,,,,,,,,,,,,,,,,,,,,,,,,,,,,,,,,
1002,120,5,Juniper Coast,frequent,0.51,0.51,0.51,0.56,0.62,0.73,0.76,1.38,1.7,2.18,2.82,5.41,7.83,8.61,13.14,12.07,9.5,6.87,8.16,6.58,3.43,2.46,2.03,1.63,,,,,,,,,,,,,,,,,,,,,,,,,,,,,,,,,,,,,,,,,,,,,,,,
1003,120,5,Juniper Coast,frequent,0.86,1.55,2.61,2.11,3.91,4.74,5.9,8.99,6.53,11.79,13.41,5.81,6.89,5.16,4.36,3.62,3.89,2.73,1.19,1.17,0.92,0.75,0.58,0.53,,,,,,,,,,,,,,,,,,,,,,,,,,,,,,,,,,,,,,,,,,,,,,,,
1004,120,5,Juniper Coast,frequent,2.67,4.25,3.67,4.46,6.22,8.11,11.49,11.49,9.22,9.02,7.48,5.08,3.07,2.7,3.36,2.52,1.18,0.82,0.67,0.56,0.55,0.49,0.46,0.46,,,,,,,,,,,,,,,,,,,,,,,,,,,,,,,,,,,,,,,,,,,,,,,,
1005,120,5,Juniper Coast,frequent,1.12,0.98,1.84,2.27,3.48,5.06,3.41,3.56,6.48,8.3,5.24,10.21,8.63,7.9,4.74,5.61,5.73,4.08,4.03,2.05,2.08,1.35,1.15,0.7,,,,,,,,,,,,,,,,,,,,,,,,,,,,,,,,,,,,,,,,,,,,,,,,
1006,120,5,Juniper Coast,frequent,0.68,1.24,1.61,1.37,1.74,2.2,4.67,5.26,3.91,6.5,4.92,5.08,7.73,9.39,7.38,4.21,7.03,4,6.11,3.34,4.66,3.56,2.08,1.33,,,,,,,,,,,,,,,,,,,,,,,,,,,,,,,,,,,,,,,,,,,,,,,,
1007,120,5,Juniper Coast,frequent,4.25,5.26,6.91,4.91,8.46,4.19,7.8,4.55,6.93,9.15,6.03,4.5,6.9,3.67,3.45,3.72,1.92,1.91,1.76,1.05,0.79,0.86,0.52,0.51,,,,,,,,,,,,,,,,,,,,,,,,,,,,,,,,,,,,,,,,,,,,,,,,
1008,120,5,Juniper Coast,frequent,0.8,1.22,1.09,1.45,2.96,2.28,3.91,2.52,4.02,4.49,4.41,5.86,4.75,9.67,6.4,7.23,5.4,6.46,6.35,3.64,3.4,4.47,4.7,2.52,,,,,,,,,,,,,,,,,,,,,,,,,,,,,,,,,,,,,,,,,,,,,,,,
1009,120,5,Juniper Coast,frequent,1.74,1.71,2.68,2.52,2.84,3.03,3.21,5.43,2.99,6.68,4.14,8.17,8.44,6.37,7.85,3.26,3.43,6.56,2.82,4.21,4.34,3.23,3.02,1.33,,,,,,,,,,,,,,,,,,,,,,,,,,,,,,,,,,,,,,,,,,,,,,,,
1010,120,5,Juniper Coast,frequent,1.44,1.42,1.55,2.17,3.9,3.83,4.42,4.86,4.31,3.9,6.19,3.96,5.81,6.48,7.86,4.24,4.25,5.39,5.83,5.05,4.36,2.21,3.24,3.33,,,,,,,,,,,,,,,,,,,,,,,,,,,,,,,,,,,,,,,,,,,,,,,,
1011,120,5,Juniper Coast,intermediate,0.59,0.6,0.61,0.64,0.7,0.9,1.1,2.55,2.62,6.31,5.08,11.58,7.31,7.32,9.77,15.42,8.86,5.78,3.72,3.15,2.37,1.36,0.94,0.72,,,,,,,,,,,,,,,,,,,,,,,,,,,,,,,,,,,,,,,,,,,,,,,,
1012,120,5,Juniper Coast,intermediate,0.76,0.9,1.17,1.77,2.99,4.98,5.35,9.81,12.62,6.93,8.77,13.29,5.8,6.04,3.62,4.94,3.47,2.49,1.25,0.75,0.65,0.57,0.55,0.53,,,,,,,,,,,,,,,,,,,,,,,,,,,,,,,,,,,,,,,,,,,,,,,,
1013,120,5,Juniper Coast,intermediate,0.39,0.42,0.42,0.59,0.62,0.88,1.11,2.27,3.39,3.86,6.9,8.99,5.38,7.1,9.01,9.67,8.67,7.11,5.98,5.25,4.37,3.79,2.63,1.2,,,,,,,,,,,,,,,,,,,,,,,,,,,,,,,,,,,,,,,,,,,,,,,,
1014,120,5,Juniper Coast,intermediate,0.45,0.54,0.57,0.61,1.1,1.18,1.42,3.06,4.16,4.91,6.51,7.69,9.93,4.76,7.55,9.27,10.7,6.82,6.07,3.27,3.9,1.94,2.28,1.31,,,,,,,,,,,,,,,,,,,,,,,,,,,,,,,,,,,,,,,,,,,,,,,,
1015,120,5,Juniper Coast,intermediate,0.46,0.57,0.82,1.14,1.4,1.57,2.5,3.56,2.89,4.42,5.07,7.23,8.09,7.95,8.99,9.82,6.36,7.21,3.51,4.02,3.9,3.71,2.61,2.2,,,,,,,,,,,,,,,,,,,,,,,,,,,,,,,,,,,,,,,,,,,,,,,,
1016,120,5,Juniper Coast,intermediate,1.28,2.19,3.43,4.34,5.83,6.83,6.41,6.18,7.39,6.49,7.41,6.52,8.2,6.82,3.3,4.6,3.37,2.4,2.48,1.05,1.23,0.96,0.69,0.6,,,,,,,,,,,,,,,,,,,,,,,,,,,,,,,,,,,,,,,,,,,,,,,,
1017,120,5,Juniper Coast,intermediate,0.59,0.66,0.9,1.05,1.67,2.04,1.96,4.01,3,3.31,3.14,3.68,6.02,6.02,8.98,5.94,8.67,8.87,7.49,3.36,6.16,4.91,3.89,3.68,,,,,,,,,,,,,,,,,,,,,,,,,,,,,,,,,,,,,,,,,,,,,,,,
1018,120,5,Juniper Coast,intermediate,1.32,1.02,2.1,2.09,1.73,2.8,3.98,5.96,6.04,4.26,6.75,4.52,5.66,7.51,7.42,7.65,7.17,5.67,2.9,3.24,3.09,3.21,2.04,1.87,,,,,,,,,,,,,,,,,,,,,,,,,,,,,,,,,,,,,,,,,,,,,,,,
1019,120,5,Juniper Coast,intermediate,0.91,0.98,1,1.69,1.45,2.55,1.63,3.4,2.17,3.68,4.3,5.86,5.97,5.72,7.24,6.8,4.18,8.86,7.48,4.82,6.78,3.61,4.76,4.16,,,,,,,,,,,,,,,,,,,,,,,,,,,,,,,,,,,,,,,,,,,,,,,,
1020,120,5,Juniper Coast,intermediate,1.31,0.9,1.22,1.49,1.63,2.69,2.13,4.14,3.43,4.76,5.21,6.21,5.48,7.84,7.72,6.93,3.67,5.44,6.6,5.64,4.09,3.44,3.97,4.06,,,,,,,,,,,,,,,,,,,,,,,,,,,,,,,,,,,,,,,,,,,,,,,,
1021,120,5,Juniper Coast,rare,0.59,0.66,0.9,0.97,2.17,2.72,3.73,5.5,12.34,8.6,7.4,14.19,10.77,6.3,7.15,5.15,4.33,2.39,0.98,0.73,0.69,0.61,0.56,0.57,,,,,,,,,,,,,,,,,,,,,,,,,,,,,,,,,,,,,,,,,,,,,,,,
1022,120,5,Juniper Coast,rare,0.55,0.66,0.68,1.04,1.69,2.5,3.01,3.5,4.47,4.89,11.63,6.16,13.23,13.51,11.19,5.26,4.85,2.93,3.19,2,0.91,0.91,0.65,0.59,,,,,,,,,,,,,,,,,,,,,,,,,,,,,,,,,,,,,,,,,,,,,,,,
1023,120,5,Juniper Coast,rare,0.46,0.48,0.49,0.54,0.83,1.05,1.03,1.35,2.09,3.27,6.41,6.73,7.24,6.65,7.03,10.26,11.75,9.2,6.42,4.45,5.99,2.28,2.42,1.58,,,,,,,,,,,,,,,,,,,,,,,,,,,,,,,,,,,,,,,,,,,,,,,,
1024,120,5,Juniper Coast,rare,1.27,1.88,2.33,3.57,2.71,5.61,4.09,8.77,9.91,6.87,7.78,6.8,10.48,6.04,6.31,3.26,3.34,2.68,2.15,1.09,1.06,0.86,0.6,0.54,,,,,,,,,,,,,,,,,,,,,,,,,,,,,,,,,,,,,,,,,,,,,,,,
1025,120,5,Juniper Coast,rare,0.64,0.71,0.89,1.42,1.89,1.81,2.18,3.64,5.87,6.36,5.71,7.58,5.91,7.46,6.17,9.12,10.94,5.18,4.98,3.62,2.72,2.12,1.66,1.42,,,,,,,,,,,,,,,,,,,,,,,,,,,,,,,,,,,,,,,,,,,,,,,,
1026,120,5,Juniper Coast,rare,1.42,1.51,2.48,2.76,4.62,5.87,3.68,5.24,5.1,5.87,5.78,8.56,6.07,7.62,8.19,4.36,4.99,4.74,2.07,2.78,2.22,1.84,1.21,1.02,,,,,,,,,,,,,,,,,,,,,,,,,,,,,,,,,,,,,,,,,,,,,,,,
1027,120,5,Juniper Coast,rare,1.18,2.83,3.46,3.32,5.58,5.11,6.9,5.84,5.24,6.4,6.76,8.6,6.56,6.55,4.21,5.57,2.74,3.56,3.07,1.68,1.84,1.21,0.96,0.83,,,,,,,,,,,,,,,,,,,,,,,,,,,,,,,,,,,,,,,,,,,,,,,,
1028,120,5,Juniper Coast,rare,3.72,6.7,4.31,3.91,4.34,7.26,4.54,5.8,8.99,6.59,6.86,7.2,6.69,4.98,2.8,2.49,4.03,1.67,2.32,1.35,1.37,0.94,0.61,0.53,,,,,,,,,,,,,,,,,,,,,,,,,,,,,,,,,,,,,,,,,,,,,,,,
1029,120,5,Juniper Coast,rare,3.03,5.99,7.23,3.32,6.7,5.85,5.18,5.4,9.38,5.98,3.99,6.61,6.09,3.32,3.64,4.93,2.91,1.76,2.33,2.14,1.71,0.86,1.03,0.62,,,,,,,,,,,,,,,,,,,,,,,,,,,,,,,,,,,,,,,,,,,,,,,,
1030,120,5,Juniper Coast,rare,1.4,1.35,1.48,1.49,1.75,3.7,3.68,4.86,4.84,5.28,7.56,7.56,4.23,5.2,5.74,6.41,7.57,5.63,6.23,2.59,2.65,4.33,1.85,2.62,,,,,,,,,,,,,,,,,,,,,,,,,,,,,,,,,,,,,,,,,,,,,,,,
1031,180,5,Juniper Coast,frequent,0.39,0.39,0.39,0.4,0.4,0.45,0.44,0.6,0.7,0.76,0.96,1.93,2.57,3.63,3.14,4.01,5.53,4.34,5.29,9.53,10.09,7.14,5.3,7.72,3.98,4.86,4.44,3.37,1.32,1.82,1.27,0.82,0.63,0.52,0.45,0.42,,,,,,,,,,,,,,,,,,,,,,,,,,,,,,,,,,,,
1032,180,5,Juniper Coast,frequent,1.09,1.16,2.13,2.26,2.52,2.58,3.52,4.02,9.16,5.19,4.54,8.51,6.07,5.86,7.05,5.21,5.96,3.84,3.09,2.25,2.67,2.64,1.74,1.3,0.9,0.77,0.53,0.5,0.4,0.38,0.38,0.36,0.36,0.36,0.35,0.35,,,,,,,,,,,,,,,,,,,,,,,,,,,,,,,,,,,,
1033,180,5,Juniper Coast,frequent,0.32,0.34,0.37,0.42,0.51,0.59,0.73,0.68,1.14,1.58,1.65,3.03,3.24,3.06,4.14,4.42,6.04,4.08,7.29,3.75,5.02,5,5.98,6.52,3.91,5.64,4.77,2.99,3.45,2.63,2.15,1.36,1.15,0.9,0.68,0.47,,,,,,,,,,,,,,,,,,,,,,,,,,,,,,,,,,,,
1034,180,5,Juniper Coast,frequent,0.97,0.67,0.94,1.28,1.84,1.49,3.21,2.34,2.73,4.01,5.92,3.48,6.51,4.94,6.18,6.92,3.56,7.48,3.01,6.76,4.44,2.66,4.11,1.83,2.78,2.27,2.14,0.98,0.82,0.85,0.72,0.49,0.58,0.41,0.34,0.34,,,,,,,,,,,,,,,,,,,,,,,,,,,,,,,,,,,,
1035,180,5,Juniper Coast,frequent,0.54,0.66,0.51,0.98,1.07,1.15,1.16,1.43,2.3,1.87,3.11,3.55,4.7,5.13,2.77,5.26,5.01,5.44,7,5.04,4.85,4.89,3.51,3.34,3.87,4.75,2.27,1.79,2,1.95,2.39,1.81,1.53,0.91,0.72,0.74,,,,,,,,,,,,,,,,,,,,,,,,,,,,,,,,,,,,
1036,180,5,Juniper Coast,frequent,0.87,1.03,0.83,1.47,1.76,2.09,1.46,2.48,1.79,1.96,2.55,3.98,5.43,3.45,2.79,3.25,6.49,6.78,6.46,4.38,5.62,5.87,4.74,2.67,2.21,2.75,1.92,2.43,1.63,1.66,1.57,1.76,1.22,1.08,0.67,0.9,,,,,,,,,,,,,,,,,,,,,,,,,,,,,,,,,,,,
1037,180,5,Juniper Coast,frequent,0.41,0.33,0.51,0.55,0.57,0.89,1.09,1.26,1.28,1.76,1.96,1.29,2.27,2.32,2.85,4.18,3.38,4.14,2.92,5.44,4.79,3.24,4.27,5.96,5.67,5.78,4.65,3.11,2.6,2.32,4.09,4.27,3.82,2.33,1.89,1.81,,,,,,,,,,,,,,,,,,,,,,,,,,,,,,,,,,,,
1038,180,5,Juniper Coast,frequent,0.5,0.96,1.05,1.28,1.31,1.15,1.18,2.13,2.21,2.03,2.59,3.12,1.93,4.56,3.22,3.79,3.07,2.6,4.37,6.26,4.19,3.92,5.41,3.11,3.49,3.92,3.54,2.44,3.77,2.55,3.92,2.53,1.63,2.65,2.11,1.51,,,,,,,,,,,,,,,,,,,,,,,,,,,,,,,,,,,,
1039,180,5,Juniper Coast,frequent,2.36,2.38,3.91,2.9,2.47,5.51,3.08,3.69,5.29,3.62,5.63,3.39,4.07,3.76,5.27,3.4,5.66,2.97,4.18,2.3,2.24,1.87,3.54,3.16,2.6,1.75,2.04,1.13,1.02,0.78,0.75,0.8,0.64,0.75,0.63,0.46,,,,,,,,,,,,,,,,,,,,,,,,,,,,,,,,,,,,
1040,180,5,Juniper Coast,frequent,1.16,1.16,1.47,1.16,1.08,1.14,2.11,1.75,2.97,1.88,2.63,3.85,2.04,3.8,4.62,5.04,3.04,4.49,2.57,4.09,4.49,2.37,3.16,4.28,3.98,3.92,3.58,4.14,3.42,3.06,2.2,3.1,2.59,1.48,1.24,0.94,,,,,,,,,,,,,,,,,,,,,,,,,,,,,,,,,,,,
1041,180,5,Juniper Coast,intermediate,0.38,0.44,0.46,0.57,0.78,1.04,1.08,1.17,1.5,3.26,3.39,4.16,4.28,9.52,5.02,9.36,9.6,7.05,8.09,5.08,6.1,2.93,2.43,3.13,1.7,1.91,1.29,0.74,0.61,0.58,0.44,0.41,0.39,0.38,0.37,0.36,,,,,,,,,,,,,,,,,,,,,,,,,,,,,,,,,,,,
1042,180,5,Juniper Coast,intermediate,0.29,0.29,0.29,0.29,0.3,0.29,0.31,0.33,0.37,0.46,0.6,0.64,1.1,1.16,1.69,1.85,3.6,2.31,4.85,5.17,6.85,4.28,6.9,6.15,6.68,6.57,7.41,3.72,6.56,4.26,4.72,3.97,1.47,1.49,1.54,1.24,,,,,,,,,,,,,,,,,,,,,,,,,,,,,,,,,,,,
1043,180,5,Juniper Coast,intermediate,0.32,0.32,0.33,0.34,0.38,0.43,0.41,0.55,0.78,0.71,0.72,1.17,2.1,1.89,3.06,1.79,2.96,5.24,5.58,7.25,5.04,7.98,3.47,6.15,5.01,6.15,6.48,4.54,4.64,2.28,3.23,3.2,2.3,1.33,0.95,0.92,,,,,,,,,,,,,,,,,,,,,,,,,,,,,,,,,,,,
1044,180,5,Juniper Coast,intermediate,0.87,0.99,1.33,1.16,1.07,2.45,3.12,3.68,3.81,2.32,5.98,3.65,3.56,3.81,7.57,4.31,5.64,6.88,4.89,6.16,6.25,3.78,2.15,2.21,2.29,1.66,2.3,1.09,1.02,0.77,0.96,0.53,0.58,0.41,0.4,0.35,,,,,,,,,,,,,,,,,,,,,,,,,,,,,,,,,,,,
1045,180,5,Juniper Coast,intermediate,1,0.68,1.34,1.66,1.12,2.74,3.31,3.91,2.05,2.64,4.5,3.72,3.11,6.51,4.99,4.44,3.69,6.16,4.08,4.39,5.76,4.59,4.7,3.83,3.91,1.5,1.56,2.16,1.41,0.9,1.1,0.62,0.55,0.45,0.56,0.36,,,,,,,,,,,,,,,,,,,,,,,,,,,,,,,,,,,,
1046,180,5,Juniper Coast,intermediate,1.42,1.66,2,2.26,2.64,3.16,2.29,3.09,3.73,5.01,5.25,3.29,5.63,4.95,3.14,3.56,4.7,2.98,5.5,4.95,5.04,3.8,2.35,1.74,2.73,2.17,2.46,1.96,1.67,1.24,0.72,0.73,0.7,0.65,0.52,0.31,,,,,,,,,,,,,,,,,,,,,,,,,,,,,,,,,,,,
1047,180,5,Juniper Coast,intermediate,1.28,1.59,1.91,1.31,1.69,3.58,3.19,3.19,3.14,3.41,5.21,3.16,5.42,4.03,6.31,3.46,5.86,2.71,6.2,4.38,3.27,2.87,2.36,3.24,2.57,1.56,2.5,2.46,1.3,1.47,1.22,1.2,0.92,0.95,0.64,0.44,,,,,,,,,,,,,,,,,,,,,,,,,,,,,,,,,,,,
1048,180,5,Juniper Coast,intermediate,0.66,0.57,0.97,0.72,1.42,1.3,1.07,2.4,1.55,1.48,3.3,3.91,2.75,2.83,3.07,3.99,5.04,5.11,6.07,3.71,3.01,3.28,3.97,3.32,3.51,4.6,4.48,4.79,3.42,2.71,2.76,1.59,1.93,1.83,1.91,0.97,,,,,,,,,,,,,,,,,,,,,,,,,,,,,,,,,,,,
1049,180,5,Juniper Coast,intermediate,3.06,3.42,2.34,2.14,2.24,4.09,3.05,4.72,3.14,5.47,6.15,4.46,4.89,2.96,2.59,4.17,4.5,2.47,3.33,3.09,2.6,3.6,3.41,3.41,2.65,1.41,1.54,1.94,1.15,1.12,1.03,1.05,0.74,0.89,0.69,0.49,,,,,,,,,,,,,,,,,,,,,,,,,,,,,,,,,,,,
1050,180,5,Juniper Coast,intermediate,0.78,1.42,1.83,1.65,1.07,2.57,2.62,1.62,3.02,2.73,2.64,3.85,3.24,2.18,3.37,2.57,3.72,4.17,4.39,3.69,4.9,5.47,3.93,3.43,3.71,2.85,2.95,2.27,3.01,2.84,2.25,2.32,2.56,1.51,1.17,1.7,,,,,,,,,,,,,,,,,,,,,,,,,,,,,,,,,,,,
1051,180,5,Juniper Coast,rare,0.38,0.4,0.4,0.46,0.52,0.59,1.03,0.89,1.09,2.81,1.97,2.27,4.57,4.41,4.42,9.72,5.83,7.51,7.49,6.59,8.26,6.17,5.43,3.09,2.87,3,2.3,1.29,0.93,0.66,0.61,0.43,0.44,0.41,0.38,0.38,,,,,,,,,,,,,,,,,,,,,,,,,,,,,,,,,,,,
1052,180,5,Juniper Coast,rare,0.37,0.37,0.37,0.37,0.38,0.38,0.41,0.43,0.51,0.54,0.57,0.86,1.22,1.72,1.62,2.76,2.37,4.28,5.62,3.21,6.32,4.04,5.4,5.64,6.2,9.49,5.39,3.98,4.54,5.93,3.56,4.17,2.25,2.26,1.44,1.03,,,,,,,,,,,,,,,,,,,,,,,,,,,,,,,,,,,,
1053,180,5,Juniper Coast,rare,0.37,0.43,0.6,0.73,0.67,1.31,1.36,1.74,3.23,2.38,3.53,3.95,3.92,4.89,3.99,7.91,7.02,7.01,3.87,5.38,3.48,6.19,4.27,4.76,2.5,3.43,2.03,2.38,1.91,1.38,1.08,0.6,0.45,0.49,0.39,0.37,,,,,,,,,,,,,,,,,,,,,,,,,,,,,,,,,,,,
1054,180,5,Juniper Coast,rare,0.34,0.41,0.41,0.42,0.51,0.77,1.11,1.01,1.47,1.22,1.51,3.22,2.8,3.42,5.02,4.97,3.02,5.56,4.02,4.22,5.35,3.41,6.33,7.82,5.31,4.71,4.13,4.07,2.3,2.32,1.89,2.24,1.34,1.57,0.82,0.96,,,,,,,,,,,,,,,,,,,,,,,,,,,,,,,,,,,,
1055,180,5,Juniper Coast,rare,0.34,0.33,0.43,0.58,0.66,0.79,0.66,1.13,1.61,1.19,1.35,1.88,3.26,4.08,4.6,4.4,4.79,4.03,4.99,6.38,6.46,5.24,4.22,5.08,5.81,3.32,3.61,2.44,3.36,3.44,3.28,1.33,1.91,1.29,0.9,0.83,,,,,,,,,,,,,,,,,,,,,,,,,,,,,,,,,,,,
1056,180,5,Juniper Coast,rare,0.37,0.44,0.52,0.41,0.79,0.57,0.97,0.74,1.77,1.71,1.34,1.52,2.91,2.39,2.83,4.09,4.77,4.19,6.06,4.13,3.02,6.16,4.47,5.12,4.81,3.17,3.54,4.21,4.3,3.88,2.8,3,2.97,1.79,2.5,1.74,,,,,,,,,,,,,,,,,,,,,,,,,,,,,,,,,,,,
1057,180,5,Juniper Coast,rare,0.62,0.73,1.16,1.03,1.39,1.36,1.49,2.26,1.89,3.35,4.23,2.27,3.98,4.51,5.85,5.53,5.31,2.85,2.9,3.18,6.28,3.29,2.71,2.46,4.97,3.87,3.79,3.4,3.19,2.79,1.33,1.93,1.4,0.85,0.95,0.9,,,,,,,,,,,,,,,,,,,,,,,,,,,,,,,,,,,,
1058,180,5,Juniper Coast,rare,0.63,0.53,0.78,1.05,1.13,1.29,1.32,1.33,2.19,1.78,2.85,1.52,1.97,2.34,3.22,4.83,2.41,3.8,2.4,5.07,5.43,3.84,3.42,5.28,4.26,4.78,3.89,5.4,2.12,2.17,4.1,3.13,3.45,2.38,1.6,2.31,,,,,,,,,,,,,,,,,,,,,,,,,,,,,,,,,,,,
1059,180,5,Juniper Coast,rare,3.16,3.3,3.24,4.32,4.34,3.27,4.93,4.52,4.33,4.86,3.29,4.19,2.95,2.96,3.63,3.15,4.75,2.56,3.2,3.99,3.74,2.66,2.72,2.74,2.46,1.41,1.98,1.11,1.05,1.29,1.21,0.81,0.63,0.41,0.38,0.46,,,,,,,,,,,,,,,,,,,,,,,,,,,,,,,,,,,,
1060,180,5,Juniper Coast,rare,2.51,1.53,2.52,1.76,3.81,4.27,2.94,2.71,4.78,4.65,4.21,4.07,2.41,4.98,4.56,3.49,3.33,4.16,3.06,4.7,4.03,3.68,2.12,1.73,3.03,1.55,2.34,1.62,2.05,1.47,1.56,0.98,1.18,1.06,0.68,0.47,,,,,,,,,,,,,,,,,,,,,,,,,,,,,,,,,,,,
1061,360,15,Juniper Coast,frequent,0.58,0.69,0.87,1.57,2.5,5.22,6.61,9.98,10.12,9.01,11.27,13.37,8.68,7.73,2.96,2.23,2.06,1.11,0.74,0.61,0.55,0.52,0.52,0.5,,,,,,,,,,,,,,,,,,,,,,,,,,,,,,,,,,,,,,,,,,,,,,,,
1062,360,15,Juniper Coast,frequent,0.63,1,1.7,2.28,3.57,5.88,4.44,7.15,12.31,8.36,8.36,8.13,9.56,7.16,4.2,5.4,3.23,2.02,1.49,0.8,0.76,0.57,0.53,0.47,,,,,,,,,,,,,,,,,,,,,,,,,,,,,,,,,,,,,,,,,,,,,,,,
1063,360,15,Juniper Coast,frequent,1.36,2.7,4.41,4.78,9.02,10.4,11.03,8.84,6.2,9.64,6.05,4.02,6.71,4.94,2.23,1.97,1.37,1.08,0.79,0.64,0.48,0.46,0.44,0.44,,,,,,,,,,,,,,,,,,,,,,,,,,,,,,,,,,,,,,,,,,,,,,,,
1064,360,15,Juniper Coast,frequent,2.45,3.24,2.64,4.03,4.32,6.08,10.57,9.3,5.58,7.97,10.64,5.91,7.93,3.47,5.22,2.19,2.55,1.9,1.35,0.67,0.54,0.58,0.45,0.42,,,,,,,,,,,,,,,,,,,,,,,,,,,,,,,,,,,,,,,,,,,,,,,,
1065,360,15,Juniper Coast,frequent,0.59,0.57,0.85,1.26,1.84,2.42,1.81,3.34,2.54,6.29,6.55,4.92,7.41,10.29,9.86,9.67,6.31,5.63,3.49,4.99,4.42,1.92,1.73,1.3,,,,,,,,,,,,,,,,,,,,,,,,,,,,,,,,,,,,,,,,,,,,,,,,
1066,360,15,Juniper Coast,frequent,1.24,2.47,2.56,2.5,4.93,4.53,4.56,8.19,5.63,9.75,5.63,9.07,7.14,6.1,7.07,2.75,4.34,3.37,2.39,1.68,1.77,0.95,0.77,0.61,,,,,,,,,,,,,,,,,,,,,,,,,,,,,,,,,,,,,,,,,,,,,,,,
1067,360,15,Juniper Coast,frequent,0.51,0.62,0.68,0.72,1.22,1.53,1.78,1.97,3.08,2.84,3.01,6.21,5.42,5.85,4.95,7.55,10.01,9.31,4.22,3.96,8.3,6.86,3.89,5.51,,,,,,,,,,,,,,,,,,,,,,,,,,,,,,,,,,,,,,,,,,,,,,,,
1068,360,15,Juniper Coast,frequent,2.23,2.67,3.8,2.05,5.08,3.65,6.23,8.05,8.33,4.54,8.31,4.83,6.66,4.78,3.98,3.27,3.27,4.42,4.39,2.68,3.06,1.34,1.29,1.09,,,,,,,,,,,,,,,,,,,,,,,,,,,,,,,,,,,,,,,,,,,,,,,,
1069,360,15,Juniper Coast,frequent,2.46,4.76,2.77,6.53,3.89,5.58,4.65,5.73,4.8,4.19,6.01,6.81,5.15,6.81,6.31,6.17,3.38,3.02,3.82,1.42,2.32,1.16,1.16,1.1,,,,,,,,,,,,,,,,,,,,,,,,,,,,,,,,,,,,,,,,,,,,,,,,
1070,360,15,Juniper Coast,frequent,0.88,1.19,1.59,2.41,1.43,3.05,3.22,4.81,3.59,4.82,5.79,6.81,7.24,4.68,7.76,5.99,6.32,4.36,4.3,5.42,5.36,2.8,3.66,2.52,,,,,,,,,,,,,,,,,,,,,,,,,,,,,,,,,,,,,,,,,,,,,,,,
1071,360,15,Juniper Coast,intermediate,0.54,0.56,0.62,0.79,0.98,1.18,1.7,4.6,3.98,9.59,12.29,8.68,8.67,8.09,13.94,8.63,3.74,4.81,2.72,1.26,0.81,0.64,0.62,0.56,,,,,,,,,,,,,,,,,,,,,,,,,,,,,,,,,,,,,,,,,,,,,,,,
1072,360,15,Juniper Coast,intermediate,0.51,0.51,0.52,0.54,0.6,0.71,0.96,1.11,1.35,1.71,3.68,6.24,5.13,8.25,11.7,13.22,13.18,5.32,8.87,5.84,2.71,3.68,2.65,1.01,,,,,,,,,,,,,,,,,,,,,,,,,,,,,,,,,,,,,,,,,,,,,,,,
1073,360,15,Juniper Coast,intermediate,0.51,0.51,0.66,0.66,0.88,1.1,1.59,3.48,2.62,3.68,6.82,9.05,7.9,5.81,6.78,12.1,8.6,9.46,5.86,3.58,3.78,1.6,1.77,1.2,,,,,,,,,,,,,,,,,,,,,,,,,,,,,,,,,,,,,,,,,,,,,,,,
1074,360,15,Juniper Coast,intermediate,4.2,4.58,6.64,8.28,5.71,9.06,5.11,8.87,7.43,8.28,7.73,5.92,5.3,3.17,1.81,2.54,1.33,1.22,0.7,0.48,0.5,0.39,0.38,0.37,,,,,,,,,,,,,,,,,,,,,,,,,,,,,,,,,,,,,,,,,,,,,,,,
1075,360,15,Juniper Coast,intermediate,0.54,0.57,0.7,0.8,0.88,1.03,1.45,2.68,2.47,2.6,3.42,4.36,5.53,7.86,5.9,6.41,8.15,13.1,7.42,6.62,5.35,4.62,4.99,2.55,,,,,,,,,,,,,,,,,,,,,,,,,,,,,,,,,,,,,,,,,,,,,,,,
1076,360,15,Juniper Coast,intermediate,0.68,0.7,1,1.43,1.95,1.55,2.16,3.49,3.3,6.13,7.69,5.4,7.73,6.92,6.3,9.53,6.26,4.75,7.64,4.57,3.01,3.21,2.42,2.18,,,,,,,,,,,,,,,,,,,,,,,,,,,,,,,,,,,,,,,,,,,,,,,,
1077,360,15,Juniper Coast,intermediate,1.98,5.02,2.67,6.17,5.63,5.69,9.16,5.43,7.08,8.99,7.43,6.28,3.57,5.38,4.15,3.65,1.88,2.42,2.55,1.53,1.05,0.85,0.9,0.54,,,,,,,,,,,,,,,,,,,,,,,,,,,,,,,,,,,,,,,,,,,,,,,,
1078,360,15,Juniper Coast,intermediate,1.45,1.14,1.99,2.5,1.72,2.14,5.17,4.23,3.43,4.61,5.93,7.94,5.19,7.88,4.39,5.8,5.74,7.02,2.96,5.84,3.94,4.33,2.31,2.35,,,,,,,,,,,,,,,,,,,,,,,,,,,,,,,,,,,,,,,,,,,,,,,,
1079,360,15,Juniper Coast,intermediate,0.7,1.35,1.59,2.07,2.25,1.92,4.27,2.56,3.36,5.01,6.3,5.09,4.13,7.91,4.81,8.44,7.94,4.83,4.39,4.38,7.01,3.21,3.68,2.8,,,,,,,,,,,,,,,,,,,,,,,,,,,,,,,,,,,,,,,,,,,,,,,,
1080,360,15,Juniper Coast,intermediate,1.5,1.51,3,1.63,3.25,3.3,4.72,3.34,3.29,5.77,7.42,4.01,7.26,4.17,4.65,7.71,4.92,3.92,6.32,5.24,5.14,4.05,2,1.88,,,,,,,,,,,,,,,,,,,,,,,,,,,,,,,,,,,,,,,,,,,,,,,,
1081,360,15,Juniper Coast,rare,0.51,0.51,0.51,0.51,0.52,0.52,0.62,0.62,1,1.09,1.57,3.98,5.7,6.49,11.9,8.58,12.35,13.25,12.1,6.94,3.94,3.39,2.24,1.16,,,,,,,,,,,,,,,,,,,,,,,,,,,,,,,,,,,,,,,,,,,,,,,,
1082,360,15,Juniper Coast,rare,0.48,0.49,0.5,0.58,0.66,0.79,1.43,1.56,1.79,4.95,5.92,7.91,6.81,12.4,10.31,11.53,9.93,4.88,6.51,3.47,2.78,2.03,1.31,0.98,,,,,,,,,,,,,,,,,,,,,,,,,,,,,,,,,,,,,,,,,,,,,,,,
1083,360,15,Juniper Coast,rare,0.51,0.55,0.68,1.02,1.08,2,2.63,4.37,6.47,3.72,7.64,5.66,12.32,9.6,11.58,4.57,9.13,5.62,4.1,2.01,1.79,1.13,0.91,0.91,,,,,,,,,,,,,,,,,,,,,,,,,,,,,,,,,,,,,,,,,,,,,,,,
1084,360,15,Juniper Coast,rare,0.4,0.41,0.45,0.5,0.56,1.02,0.99,2.13,2.81,3.94,4.98,3.94,8.35,8.21,6.26,5.56,8.24,9.05,9.8,8.24,4.3,4.04,2.44,3.38,,,,,,,,,,,,,,,,,,,,,,,,,,,,,,,,,,,,,,,,,,,,,,,,
1085,360,15,Juniper Coast,rare,2.06,4.47,4.91,6.8,3.86,4.21,10.12,9.11,7.91,8.29,9.16,6.05,6.74,4.14,2.88,2.04,1.57,1.47,1.29,0.72,0.73,0.53,0.5,0.44,,,,,,,,,,,,,,,,,,,,,,,,,,,,,,,,,,,,,,,,,,,,,,,,
1086,360,15,Juniper Coast,rare,0.45,0.54,0.78,0.85,0.94,1.25,1.78,2.96,4.07,3.38,3.96,7.65,6.47,4.63,5.57,9.32,8.26,7.41,8.54,4.54,3.91,6.9,2.92,2.92,,,,,,,,,,,,,,,,,,,,,,,,,,,,,,,,,,,,,,,,,,,,,,,,
1087,360,15,Juniper Coast,rare,1.04,1.24,0.96,2.44,2.56,3.33,2.85,4.96,4.79,5.96,3.75,3.99,6.93,7.27,8.6,6.9,7.4,3.75,6.9,5.28,2.99,2.29,2.4,1.42,,,,,,,,,,,,,,,,,,,,,,,,,,,,,,,,,,,,,,,,,,,,,,,,
1088,360,15,Juniper Coast,rare,1.2,2.62,3.07,1.89,3.6,3.86,4.09,5.01,5.35,4.83,7.63,8.7,5.2,7.23,4.85,5.68,7.31,3.97,3.45,3.84,1.73,2.17,1.56,1.16,,,,,,,,,,,,,,,,,,,,,,,,,,,,,,,,,,,,,,,,,,,,,,,,
1089,360,15,Juniper Coast,rare,2.7,4.26,3.85,5.73,4.44,6.53,4.79,4.89,6.06,8.05,4.48,5.95,6.16,5.45,4.39,3.16,4.55,2.84,2.82,1.67,2.84,1.95,1.08,1.36,,,,,,,,,,,,,,,,,,,,,,,,,,,,,,,,,,,,,,,,,,,,,,,,
1090,360,15,Juniper Coast,rare,1.07,2.11,1.42,3.62,3.23,4.01,5.23,3.92,6.39,6.36,5.27,5.89,4.36,6.02,5.26,7.72,3.95,5.37,3.78,2.61,4.72,2.54,1.92,3.23,,,,,,,,,,,,,,,,,,,,,,,,,,,,,,,,,,,,,,,,,,,,,,,,
1091,540,15,Juniper Coast,frequent,0.37,0.39,0.42,0.53,0.64,0.74,0.81,1.74,1.58,3.06,2.82,3.86,6.59,7.89,8.27,5.44,8.9,5.22,4.85,8.63,6.07,5.09,3.02,3.44,1.63,2.21,1.16,1.01,0.78,0.58,0.45,0.41,0.37,0.35,0.35,0.33,,,,,,,,,,,,,,,,,,,,,,,,,,,,,,,,,,,,
1092,540,15,Juniper Coast,frequent,0.35,0.39,0.39,0.52,0.55,0.85,0.79,1.05,0.99,1.68,3.48,2.16,2.37,5.16,6.8,7.75,6.91,7.56,8.32,3.72,7.54,5.53,5.75,4.82,2.2,2.44,2.73,2.13,1.2,0.83,0.89,0.48,0.53,0.41,0.39,0.34,,,,,,,,,,,,,,,,,,,,,,,,,,,,,,,,,,,,
1093,540,15,Juniper Coast,frequent,0.43,0.49,0.56,0.71,1.02,1.34,1.19,1.15,2.37,1.7,3.35,5.17,4.63,4.53,5.79,3.51,3.71,8.61,6.35,6.04,5.71,5.79,3.08,4.97,2.96,4.22,1.87,2.06,1.13,1.56,1,1.05,0.57,0.48,0.49,0.41,,,,,,,,,,,,,,,,,,,,,,,,,,,,,,,,,,,,
1094,540,15,Juniper Coast,frequent,2.27,2.28,2.39,2.13,2.78,4.25,3.83,5.89,6.45,7.21,6.85,4.78,5.65,3.76,3.42,6.16,5.18,4.75,2.76,3.59,2.08,2.23,1.88,1.45,1.01,0.95,0.65,0.59,0.43,0.45,0.37,0.36,0.31,0.29,0.29,0.28,,,,,,,,,,,,,,,,,,,,,,,,,,,,,,,,,,,,
1095,540,15,Juniper Coast,frequent,0.76,0.67,0.88,1.03,1.76,2.3,2.8,3.47,3.03,3.78,4.07,4.84,3.46,4.45,3.49,6.14,7.23,3.43,5.99,4.9,4.23,4.99,3.21,3.7,2.19,1.95,2.54,1.66,1.72,1.21,1.01,0.95,0.75,0.59,0.43,0.39,,,,,,,,,,,,,,,,,,,,,,,,,,,,,,,,,,,,
1096,540,15,Juniper Coast,frequent,0.62,0.74,1.4,1.55,1.4,1.79,2.97,1.7,3.69,3.09,4.04,5.01,3.56,3.85,5.6,3.82,5.6,4.88,4.96,5.87,4.53,5.25,2.86,4.49,2.03,1.97,2.63,2.33,1.86,1.44,0.81,0.86,0.58,0.89,0.71,0.62,,,,,,,,,,,,,,,,,,,,,,,,,,,,,,,,,,,,
1097,540,15,Juniper Coast,frequent,0.39,0.4,0.46,0.73,0.78,0.67,1.23,0.96,0.98,1.77,2,2.09,3.2,2.07,3.07,3.83,4.79,2.98,5.51,3.99,4.31,5.04,4.09,5.15,5.77,4.67,3.02,4.22,4.79,3.28,3.78,3.14,2.07,1.57,1.34,1.86,,,,,,,,,,,,,,,,,,,,,,,,,,,,,,,,,,,,
1098,540,15,Juniper Coast,frequent,0.41,0.59,0.73,0.83,0.89,1.3,1.39,1.07,1.7,2.06,1.38,1.75,2.58,3.78,3.84,3.11,3.93,5.01,5.37,3.57,5.65,5.81,2.68,5.49,2.63,3.5,5.36,3.54,2.5,4.39,2.95,2.78,1.85,1.99,2.37,1.22,,,,,,,,,,,,,,,,,,,,,,,,,,,,,,,,,,,,
1099,540,15,Juniper Coast,frequent,0.91,2.11,2.39,1.58,2.07,2.57,3.08,1.71,2.27,3.01,3.39,2.31,3.81,4.08,4.59,3.67,2.62,5.27,4.96,4.75,4.3,4.05,4.35,3.95,2.66,3.24,2.22,2.96,1.89,2.18,2.25,0.93,0.83,0.96,1.03,1.05,,,,,,,,,,,,,,,,,,,,,,,,,,,,,,,,,,,,
1100,540,15,Juniper Coast,frequent,0.63,1.02,1.09,1.51,1.75,1.48,1.58,2.25,1.29,2.74,2.06,1.59,3.48,2.67,2.4,3.94,3.96,2.82,2.66,2.94,5.17,5.16,3.76,5.59,4.32,2.26,3.86,3.91,3.46,4.18,3.48,1.59,3.06,1.98,2.35,2.01,,,,,,,,,,,,,,,,,,,,,,,,,,,,,,,,,,,,
1101,540,15,Juniper Coast,intermediate,0.93,1.47,1.1,2.99,1.95,4.74,3.81,7.68,9.62,5.68,9.08,6.6,5.58,5.01,4.65,5.68,6.75,3.4,2,1.86,1.97,0.99,0.96,0.76,0.51,0.47,0.41,0.39,0.38,0.37,0.37,0.37,0.37,0.37,0.37,0.36,,,,,,,,,,,,,,,,,,,,,,,,,,,,,,,,,,,,
1102,540,15,Juniper Coast,intermediate,0.36,0.36,0.37,0.4,0.42,0.49,0.47,0.74,0.81,1.24,1.91,1.77,2.27,2.62,4.35,4.64,4.4,4.3,6.73,5.25,7.53,7.84,4.34,9.22,5.45,3.52,3.16,3,3.46,2.85,1.3,1.06,1.24,0.85,0.77,0.51,,,,,,,,,,,,,,,,,,,,,,,,,,,,,,,,,,,,
1103,540,15,Juniper Coast,intermediate,0.32,0.33,0.33,0.33,0.36,0.35,0.42,0.48,0.55,0.74,0.77,1.04,1.1,1.12,1.69,2.4,4.12,5.07,3.99,4.34,4.58,4.99,5.26,7.64,6.83,4.91,8.29,4.38,6.06,3.4,2.4,3.41,2.43,2.66,1.48,1.43,,,,,,,,,,,,,,,,,,,,,,,,,,,,,,,,,,,,
1104,540,15,Juniper Coast,intermediate,0.61,0.64,0.8,1.29,1.37,1.54,1.96,2.74,3.83,2.46,2.45,5.81,3.79,6.53,3.67,6.25,6.69,3.34,7.31,4.27,5.4,5.94,3.77,3.38,1.88,2.89,2.39,1.42,1.02,1.11,0.78,0.89,0.59,0.44,0.36,0.39,,,,,,,,,,,,,,,,,,,,,,,,,,,,,,,,,,,,
1105,540,15,Juniper Coast,intermediate,0.82,0.7,1.11,1.69,1.54,1.49,1.38,2.61,2.58,2.75,4.76,5.73,5.87,4.85,4.69,5.13,5.3,3.72,5.43,4.79,4.18,3.51,4.65,4.18,3.01,3.1,2.03,2.22,1.03,1.17,1.19,0.9,0.52,0.61,0.36,0.4,,,,,,,,,,,,,,,,,,,,,,,,,,,,,,,,,,,,
1106,540,15,Juniper Coast,intermediate,1.35,2.38,2.7,3.16,3.82,3.14,4.53,4.32,5.88,2.99,4.81,2.99,3.56,3.83,6.84,4.53,3.48,3.24,4.33,4.97,2.34,4.22,3.08,2.86,2.32,1.1,1.43,1.05,1.12,0.64,0.7,0.66,0.46,0.4,0.41,0.36,,,,,,,,,,,,,,,,,,,,,,,,,,,,,,,,,,,,
1107,540,15,Juniper Coast,intermediate,2.38,2.52,3.14,4.39,2.19,4.73,3.63,4.92,2.7,3.66,4.23,4.77,5.28,4.27,5.11,5.26,2.77,5.65,2.87,3.88,4.2,2.2,2.88,1.43,2.14,1.03,1.42,1.48,0.7,0.81,0.95,0.45,0.65,0.48,0.46,0.37,,,,,,,,,,,,,,,,,,,,,,,,,,,,,,,,,,,,
1108,540,15,Juniper Coast,intermediate,0.75,1.2,1.08,1.05,1.3,1.07,2.57,2.93,1.98,3.43,2.54,3.42,4.37,3.94,3.87,3.4,5.3,3.91,3.93,5.2,5.12,4.97,2.79,3.27,2.8,4.24,2.34,2.85,3.53,1.59,2.43,1.74,1.55,1.91,0.87,0.76,,,,,,,,,,,,,,,,,,,,,,,,,,,,,,,,,,,,
1109,540,15,Juniper Coast,intermediate,1.2,1.35,0.95,1.18,1.85,1.63,2.34,2.58,2,3.83,1.98,2.92,3.17,3.06,4.54,5.02,3.88,3.26,3.12,2.89,3.59,3.98,5.26,4.1,4.09,4.89,3.44,2.52,2.48,2.36,2.17,1.77,2.25,1.67,1.52,1.16,,,,,,,,,,,,,,,,,,,,,,,,,,,,,,,,,,,,
1110,540,15,Juniper Coast,intermediate,0.52,0.64,0.51,0.71,0.76,1.27,1.38,0.86,1.97,2.12,2.08,2.35,1.48,2.02,2.68,2.43,3.88,2.86,3.36,2.58,3.59,3.93,4.88,2.95,5.91,5.16,4.84,2.86,4.71,3.13,4.78,4.68,2.87,3.44,2.25,3.56,,,,,,,,,,,,,,,,,,,,,,,,,,,,,,,,,,,,
1111,540,15,Juniper Coast,rare,0.34,0.37,0.41,0.49,0.46,0.64,1.12,1.49,1.96,2.51,3.96,3.37,6.87,6.05,8.16,7.25,7.65,7.28,5.7,8.47,6.49,3.42,4.51,1.91,2.07,1.66,1.29,0.91,0.59,0.49,0.38,0.36,0.34,0.34,0.33,0.36,,,,,,,,,,,,,,,,,,,,,,,,,,,,,,,,,,,,
1112,540,15,Juniper Coast,rare,0.77,0.8,0.78,1.4,2.06,2.29,3.29,5.25,3.48,4.9,5.89,7.35,7.63,5.15,4.7,5.17,8.16,6.79,3.57,3.3,4.89,1.97,2.02,1.93,1.17,1.15,0.76,0.49,0.54,0.37,0.34,0.34,0.33,0.33,0.32,0.32,,,,,,,,,,,,,,,,,,,,,,,,,,,,,,,,,,,,
1113,540,15,Juniper Coast,rare,0.33,0.35,0.44,0.4,0.46,0.79,0.72,0.94,1.63,2.15,2.48,2.12,3.61,4.36,5.53,5.86,3.72,3.45,5.86,7.87,7.8,4.1,6.82,7.27,3.4,2.75,2.03,3.36,2.91,1.31,1.28,1.14,0.79,0.89,0.64,0.44,,,,,,,,,,,,,,,,,,,,,,,,,,,,,,,,,,,,
1114,540,15,Juniper Coast,rare,0.55,0.51,0.57,1.11,1.02,1.12,2.13,2.6,2.18,3.19,3.69,3.3,3.96,3.39,7.45,3.33,7.69,6.74,5.28,5.33,5.94,4.9,3.05,3.23,4.65,2.52,1.52,2.25,1.47,1.18,0.89,0.99,0.66,0.69,0.56,0.36,,,,,,,,,,,,,,,,,,,,,,,,,,,,,,,,,,,,
1115,540,15,Juniper Coast,rare,0.71,0.53,0.94,1,1.18,1.31,1.77,1.64,1.98,1.82,2.78,4.06,5.98,5.63,4.91,5.82,5.74,4.81,6.48,6.09,3.91,4.49,4.12,2.48,4.23,3.3,2.58,2.5,1.58,1.1,1.34,0.74,0.62,0.52,0.73,0.58,,,,,,,,,,,,,,,,,,,,,,,,,,,,,,,,,,,,
1116,540,15,Juniper Coast,rare,1.53,2.28,2.18,3.74,2.69,3.66,5.14,4.21,4.04,3.33,5.02,5.56,5.39,6.58,5.29,2.92,4.17,4.56,3.04,4.37,2.98,3.08,2.78,1.29,1.95,1.77,1.37,0.91,0.8,0.73,0.66,0.56,0.37,0.35,0.38,0.32,,,,,,,,,,,,,,,,,,,,,,,,,,,,,,,,,,,,
1117,540,15,Juniper Coast,rare,0.31,0.35,0.38,0.56,0.63,0.57,0.87,0.97,1.29,1.42,1.14,1.88,1.48,3.08,3.23,1.69,4.18,2.44,4.4,4.09,3.07,5.08,3.97,2.95,4.51,3.36,6.73,4.31,6.03,5.08,4.84,3.65,4.05,2.74,2.45,2.22,,,,,,,,,,,,,,,,,,,,,,,,,,,,,,,,,,,,
1118,540,15,Juniper Coast,rare,1.84,1.32,2.02,1.95,2.89,3.49,4.35,2.12,3.09,4.43,3.81,4.95,3.73,4.47,4.97,5.81,4.64,3.99,2.48,5.17,3.14,2.15,2.4,3.72,3.58,2.04,1.87,1.41,1.74,2.04,0.95,0.83,0.88,0.75,0.52,0.46,,,,,,,,,,,,,,,,,,,,,,,,,,,,,,,,,,,,
1119,540,15,Juniper Coast,rare,1.64,2.07,1.93,1.32,2.39,3.15,3.16,2.34,4.57,3.17,2.34,2.6,3.06,3.04,4.24,3.68,2.86,3.61,5.5,3.96,4.98,5.33,2.33,3.46,2.44,1.94,3.09,3.42,1.82,1.67,1.86,1.17,1.88,1.53,1.18,1.27,,,,,,,,,,,,,,,,,,,,,,,,,,,,,,,,,,,,
1120,540,15,Juniper Coast,rare,1.01,0.96,1.45,2.5,2.94,2.98,1.68,3.75,2.37,3.43,4.13,2.94,3.23,3.3,5.22,4.08,3.9,3.76,3.5,4.27,2.66,2.87,3.43,4.27,3.39,3.28,3.34,2.1,2.4,2.76,1.26,1.78,1.14,1.12,1.62,1.18,,,,,,,,,,,,,,,,,,,,,,,,,,,,,,,,,,,,
1121,720,30,Juniper Coast,frequent,0.46,0.46,0.46,0.47,0.47,0.49,0.6,0.79,1.1,2.04,2.03,2.94,8.59,11.99,8.47,9.6,8.35,10.27,11.42,6.95,5.75,3.29,1.48,1.53,,,,,,,,,,,,,,,,,,,,,,,,,,,,,,,,,,,,,,,,,,,,,,,,
1122,720,30,Juniper Coast,frequent,0.67,0.73,1.01,2.29,2.12,5.74,8.27,10.2,6.61,8.2,9.36,6.34,11.14,7.86,5.53,4.06,4.05,1.59,1.27,0.96,0.63,0.48,0.46,0.43,,,,,,,,,,,,,,,,,,,,,,,,,,,,,,,,,,,,,,,,,,,,,,,,
1123,720,30,Juniper Coast,frequent,0.62,0.93,0.95,1.43,1.67,3.31,3.72,4.41,5.86,10.79,10.53,5.52,7.09,11.49,9.18,5.33,4.39,3.61,3.66,1.71,1.68,0.92,0.66,0.54,,,,,,,,,,,,,,,,,,,,,,,,,,,,,,,,,,,,,,,,,,,,,,,,
1124,720,30,Juniper Coast,frequent,1.07,1.31,2.7,4.39,2.85,6.86,4.59,10.37,11.01,6.18,5.98,7.54,5.57,6.49,6.54,4.63,2.88,3.01,1.67,1.32,1,0.8,0.68,0.56,,,,,,,,,,,,,,,,,,,,,,,,,,,,,,,,,,,,,,,,,,,,,,,,
1125,720,30,Juniper Coast,frequent,1.31,2.4,2.11,3.94,5.19,5.09,5.32,4.51,6,9.66,8.01,8.12,6.4,6.48,6.07,4.31,2.8,3.56,2.63,1.81,1.69,1.18,0.87,0.54,,,,,,,,,,,,,,,,,,,,,,,,,,,,,,,,,,,,,,,,,,,,,,,,
1126,720,30,Juniper Coast,frequent,2.47,2.66,5.26,6.25,9.45,8.18,6.99,5.06,5.31,8.99,5.26,7.56,6.5,5.52,2.6,2.25,2.71,1.92,1.21,1.28,0.95,0.64,0.57,0.41,,,,,,,,,,,,,,,,,,,,,,,,,,,,,,,,,,,,,,,,,,,,,,,,
1127,720,30,Juniper Coast,frequent,2.04,2.86,3.77,3.6,7.42,8,9.64,9.15,5.29,8.47,6.02,7.19,3,4.65,4.88,4.02,1.89,2.46,1.29,1.42,0.77,0.89,0.72,0.56,,,,,,,,,,,,,,,,,,,,,,,,,,,,,,,,,,,,,,,,,,,,,,,,
1128,720,30,Juniper Coast,frequent,0.74,0.72,0.8,1.54,1.82,1.42,2.6,3.58,3.6,3.72,4.62,3.79,5.54,5.08,4.35,7.42,9.63,9.04,4.39,6.28,6.68,4.23,4.78,3.63,,,,,,,,,,,,,,,,,,,,,,,,,,,,,,,,,,,,,,,,,,,,,,,,
1129,720,30,Juniper Coast,frequent,2.36,3.02,3.49,4.81,5.64,6.1,3.6,4.29,6.75,7.26,4.61,7.32,6.72,3.64,7.04,5.06,2.98,3.14,3.87,1.77,2.95,1.52,1,1.06,,,,,,,,,,,,,,,,,,,,,,,,,,,,,,,,,,,,,,,,,,,,,,,,
1130,720,30,Juniper Coast,frequent,0.74,1.49,1.8,2.16,1.83,3.36,3.11,2.31,3.39,3.87,4.97,6.23,6.91,5.44,7.91,6.36,6.74,3.97,4.56,6.94,5.7,4.49,3.49,2.23,,,,,,,,,,,,,,,,,,,,,,,,,,,,,,,,,,,,,,,,,,,,,,,,
1131,720,30,Juniper Coast,intermediate,0.5,0.5,0.52,0.59,0.72,0.79,1.29,1.72,4.12,8.07,5.46,6.35,6.98,11.34,11.82,12.91,10.71,7.56,3.08,1.53,1.41,0.79,0.66,0.58,,,,,,,,,,,,,,,,,,,,,,,,,,,,,,,,,,,,,,,,,,,,,,,,
1132,720,30,Juniper Coast,intermediate,0.65,0.87,1.15,1.4,2.94,3.17,5.8,5.17,9.1,10.69,11.27,11.5,9.31,8.64,4.25,4.48,2.65,2.55,1.51,0.71,0.7,0.56,0.46,0.47,,,,,,,,,,,,,,,,,,,,,,,,,,,,,,,,,,,,,,,,,,,,,,,,
1133,720,30,Juniper Coast,intermediate,1.03,1.5,1.33,2.39,3.1,3.81,6.8,9.56,6.22,6.33,11.71,6.32,11.58,8.57,5.54,3.9,2.69,2.46,1.47,0.95,0.98,0.66,0.57,0.53,,,,,,,,,,,,,,,,,,,,,,,,,,,,,,,,,,,,,,,,,,,,,,,,
1134,720,30,Juniper Coast,intermediate,0.54,0.63,0.62,1.03,1.06,2.13,3.59,2.92,6.58,3.66,9.17,9.18,4.77,7.18,9.56,9.31,5.8,6.19,5.19,3.13,3.4,1.83,1.43,1.1,,,,,,,,,,,,,,,,,,,,,,,,,,,,,,,,,,,,,,,,,,,,,,,,
1135,720,30,Juniper Coast,intermediate,1.24,2.13,2.89,2.43,5.16,3.47,5.3,4.83,5.88,7.93,11.35,4.92,6.66,5.42,7.44,5.91,4.9,3.22,2.23,2.58,1.1,1.35,1.01,0.65,,,,,,,,,,,,,,,,,,,,,,,,,,,,,,,,,,,,,,,,,,,,,,,,
1136,720,30,Juniper Coast,intermediate,0.71,1.22,1.29,2.12,2.16,2.37,4.01,6.15,3.89,4.98,7.35,4.46,6.3,6.89,9.47,5.65,6.34,6.36,5.4,4.62,3.83,1.52,1.65,1.26,,,,,,,,,,,,,,,,,,,,,,,,,,,,,,,,,,,,,,,,,,,,,,,,
1137,720,30,Juniper Coast,intermediate,1.48,1.7,1.81,3.07,3.68,5.13,7.14,7.09,6.81,8.84,5.82,5.08,6.9,5.75,4.92,4.1,5.82,2.65,3.73,2.69,1.48,1.78,1.6,0.93,,,,,,,,,,,,,,,,,,,,,,,,,,,,,,,,,,,,,,,,,,,,,,,,
1138,720,30,Juniper Coast,intermediate,2.74,3.23,2.8,4.49,6.27,4.89,9,3.93,9.38,7.7,4.03,5.04,5.03,6.06,5.48,5.02,4.57,1.91,2.58,1.97,1.01,1.01,1.07,0.79,,,,,,,,,,,,,,,,,,,,,,,,,,,,,,,,,,,,,,,,,,,,,,,,
1139,720,30,Juniper Coast,intermediate,0.8,1.49,1.87,1.82,1.55,3.37,3.75,3.95,4.58,6.06,4.57,7.21,3.59,6.9,6.71,4.82,8.13,5.23,3.14,5.69,3.46,5.35,3.71,2.25,,,,,,,,,,,,,,,,,,,,,,,,,,,,,,,,,,,,,,,,,,,,,,,,
1140,720,30,Juniper Coast,intermediate,2.48,2.04,4.89,4.13,4.96,6,5.7,4.35,5.66,7.63,6.98,6.36,7.24,6.28,4.71,2.96,3.13,3.38,3.18,1.49,2.42,1.53,1.59,0.91,,,,,,,,,,,,,,,,,,,,,,,,,,,,,,,,,,,,,,,,,,,,,,,,
1141,720,30,Juniper Coast,rare,0.55,0.66,0.99,1.66,3.03,5.24,7.43,10.69,7.13,8.34,8.73,11.98,7.77,6.92,7.56,4.01,2.32,1.48,1.02,0.61,0.49,0.48,0.46,0.45,,,,,,,,,,,,,,,,,,,,,,,,,,,,,,,,,,,,,,,,,,,,,,,,
1142,720,30,Juniper Coast,rare,0.93,1.07,1.33,3.2,2.97,3.15,5.98,7.17,13.54,12,14.01,8.42,6.43,4.73,4.79,2.7,1.72,1.68,0.89,0.93,0.65,0.6,0.56,0.55,,,,,,,,,,,,,,,,,,,,,,,,,,,,,,,,,,,,,,,,,,,,,,,,
1143,720,30,Juniper Coast,rare,0.51,0.68,0.76,1.15,1.21,2.01,3.54,4.7,3.93,8.27,5.4,10.57,11.91,10.47,7.15,4.47,5.99,5.86,4.81,1.8,1.86,1.17,1.12,0.66,,,,,,,,,,,,,,,,,,,,,,,,,,,,,,,,,,,,,,,,,,,,,,,,
1144,720,30,Juniper Coast,rare,0.55,0.82,0.76,1.52,1.88,3.65,3.78,3.22,7.74,6.17,5.84,10.45,5.97,9.4,5.97,7.7,5.45,5.01,4.9,3.38,2.3,1.52,1.11,0.91,,,,,,,,,,,,,,,,,,,,,,,,,,,,,,,,,,,,,,,,,,,,,,,,
1145,720,30,Juniper Coast,rare,0.67,0.63,0.79,1.08,1.65,1.47,3.76,3.23,3.69,6.29,4.78,6.1,8.02,7.83,10.22,6.7,9.81,6.29,3.18,5.32,2.46,3.2,1.65,1.18,,,,,,,,,,,,,,,,,,,,,,,,,,,,,,,,,,,,,,,,,,,,,,,,
1146,720,30,Juniper Coast,rare,2.94,3.53,4.53,4.13,9.08,8.06,4.8,5.94,10.37,5.47,8.87,7.56,3.02,5.78,4.13,3.28,2.57,1.47,0.93,0.96,0.89,0.58,0.6,0.51,,,,,,,,,,,,,,,,,,,,,,,,,,,,,,,,,,,,,,,,,,,,,,,,
1147,720,30,Juniper Coast,rare,3.24,3.18,4.3,3.8,6.33,4.24,7.44,8.67,8.28,7.72,4.15,5.82,6.67,5.84,5.61,2.17,2.38,2.56,2.27,1.96,1.11,0.84,0.86,0.56,,,,,,,,,,,,,,,,,,,,,,,,,,,,,,,,,,,,,,,,,,,,,,,,
1148,720,30,Juniper Coast,rare,0.83,1.49,1.12,1.57,2.71,1.73,2.94,5.43,3.3,6.61,7.44,7.41,3.94,9.06,4.68,8.5,4.32,4.07,4.3,6.83,5.02,3.1,1.96,1.64,,,,,,,,,,,,,,,,,,,,,,,,,,,,,,,,,,,,,,,,,,,,,,,,
1149,720,30,Juniper Coast,rare,1.59,1.8,1.6,1.78,2.97,2.02,2.71,6.06,4.66,6.47,4.06,4.28,8.24,5.45,4.21,4.64,7.63,6.42,5.95,3.41,3.9,3.8,3.85,2.5,,,,,,,,,,,,,,,,,,,,,,,,,,,,,,,,,,,,,,,,,,,,,,,,
1150,720,30,Juniper Coast,rare,1.94,2.94,3.13,1.98,4.5,3.26,6.03,4.91,7.52,5.95,6.4,5.88,6.51,5.46,4.42,6.3,2.9,3.86,3.64,3.94,1.92,3.34,1.98,1.29,,,,,,,,,,,,,,,,,,,,,,,,,,,,,,,,,,,,,,,,,,,,,,,,
1151,1080,30,Juniper Coast,frequent,0.44,0.57,0.57,0.95,1.37,2.1,1.87,2.48,3.33,3.29,6.78,9.5,5.65,5.23,7.32,9.19,8.03,5.85,7.07,2.92,4.07,2.49,2.29,1,0.73,0.78,0.61,0.46,0.42,0.39,0.38,0.37,0.37,0.37,0.37,0.39,,,,,,,,,,,,,,,,,,,,,,,,,,,,,,,,,,,,
1152,1080,30,Juniper Coast,frequent,0.35,0.35,0.35,0.37,0.36,0.42,0.4,0.46,0.6,0.58,0.87,1.04,1.66,2.68,3.47,4.37,3.21,5.45,5.08,6,5.8,6.4,8.91,5.15,6.83,6.71,3.55,5.26,3.45,2.8,2.24,1.09,1.51,0.95,0.62,0.66,,,,,,,,,,,,,,,,,,,,,,,,,,,,,,,,,,,,
1153,1080,30,Juniper Coast,frequent,0.45,0.7,0.76,0.88,1.71,2.1,1.4,3.1,3.2,3.86,6.02,6.57,5.38,5.15,5.76,6.63,3.81,5.28,7.15,3.28,2.85,4.1,4.66,3.33,2.27,2.61,1.74,1,1.13,0.64,0.61,0.46,0.41,0.39,0.31,0.3,,,,,,,,,,,,,,,,,,,,,,,,,,,,,,,,,,,,
1154,1080,30,Juniper Coast,frequent,0.85,1.12,1.3,1.16,2.29,3.06,3.44,4.87,4.73,3.83,3.04,3.67,5.92,7.14,7.55,5.05,4.15,3.48,5.34,2.66,5.1,2.68,4,2.14,2.57,2.28,1.07,1.04,1.08,0.91,0.51,0.49,0.42,0.42,0.33,0.31,,,,,,,,,,,,,,,,,,,,,,,,,,,,,,,,,,,,
1155,1080,30,Juniper Coast,frequent,0.89,1.04,1.2,1.07,1.43,2.34,2.93,3.23,2.3,3.85,4.75,5.55,3.85,4.02,5.6,5.11,6.72,6.25,3.81,3.23,5.22,2.27,3.61,4.25,2.41,2.81,2.28,1.94,1.5,0.93,0.88,0.77,0.58,0.63,0.39,0.36,,,,,,,,,,,,,,,,,,,,,,,,,,,,,,,,,,,,
1156,1080,30,Juniper Coast,frequent,0.91,1.02,1.14,1.86,2.14,2.11,1.82,2.64,2.34,2.96,2.85,3.4,5.91,6.11,2.85,5.98,2.88,5.54,5.27,5.57,4.27,2.91,4.51,4.3,3.48,2.49,1.9,2.54,1.94,1.1,1.54,1.17,0.64,0.89,0.47,0.55,,,,,,,,,,,,,,,,,,,,,,,,,,,,,,,,,,,,
1157,1080,30,Juniper Coast,frequent,0.34,0.31,0.35,0.51,0.53,0.53,0.84,0.61,1.42,0.8,1.16,1.7,1.58,2.43,2.74,1.95,2.14,2.98,5.68,4.03,4.72,4.07,5.11,3.36,3.64,5.22,4.29,4.41,3.2,4.8,4.41,5.59,3.27,4.63,4.09,2.56,,,,,,,,,,,,,,,,,,,,,,,,,,,,,,,,,,,,
1158,1080,30,Juniper Coast,frequent,0.49,0.42,0.51,0.57,0.78,0.65,0.84,1.34,1.58,1.35,1.31,1.51,2.19,2.19,1.93,3.97,2.46,5.19,5.09,4.16,5.43,6.13,4.42,4.95,5.94,4.67,2.64,3.35,3.26,2.89,3.03,2.74,4.21,2.96,2.27,2.58,,,,,,,,,,,,,,,,,,,,,,,,,,,,,,,,,,,,
1159,1080,30,Juniper Coast,frequent,0.43,0.5,0.56,0.63,0.63,1.21,1.08,1.41,1.04,1.16,2.06,2.45,1.74,3.02,3.24,3.77,4.21,2.52,2.62,2.63,4.71,4.37,5.96,6.05,3.63,4.39,3.19,2.78,3.44,4.33,4.07,4.93,2.39,3.84,2.87,2.14,,,,,,,,,,,,,,,,,,,,,,,,,,,,,,,,,,,,
1160,1080,30,Juniper Coast,frequent,0.89,0.76,1,1.22,1.27,1.6,1.18,1.77,2.79,3.09,2.25,3.26,3.36,3.96,3.44,2.24,3.54,2.19,4.32,3.28,4.9,5.15,5.04,4.1,2.56,3.02,3.05,3.69,4.01,3.75,3.09,2.13,2.8,2.9,1.24,1.16,,,,,,,,,,,,,,,,,,,,,,,,,,,,,,,,,,,,
1161,1080,30,Juniper Coast,intermediate,0.44,0.53,0.65,0.65,1.13,1.2,1.36,2.75,3.52,5.26,6.66,6.94,3.97,6.53,5.47,5.49,9.9,9.67,5.84,4.28,4.01,3.37,1.59,2.1,0.98,0.93,0.88,0.61,0.51,0.43,0.41,0.4,0.39,0.38,0.38,0.39,,,,,,,,,,,,,,,,,,,,,,,,,,,,,,,,,,,,
1162,1080,30,Juniper Coast,intermediate,0.32,0.32,0.32,0.33,0.33,0.34,0.37,0.37,0.46,0.57,0.53,1,1.3,1.98,2.45,1.87,2.18,3.3,6.4,3.44,6.53,5.17,8.3,5.95,7.89,6.51,4.47,7.07,5.46,4.98,2.22,1.79,2.31,1.23,0.9,1.04,,,,,,,,,,,,,,,,,,,,,,,,,,,,,,,,,,,,
1163,1080,30,Juniper Coast,intermediate,1.43,2.11,1.9,2.94,2.79,5.51,4.24,5.52,6.56,7.33,7.76,6.27,8.37,3.84,4.09,5.61,3.52,3.9,3.23,2.69,1.64,1.59,1.32,0.73,0.64,0.69,0.45,0.53,0.4,0.4,0.35,0.35,0.33,0.33,0.33,0.31,,,,,,,,,,,,,,,,,,,,,,,,,,,,,,,,,,,,
1164,1080,30,Juniper Coast,intermediate,0.72,1.68,2.06,2.11,1.99,3.92,4.46,3.71,4.96,6.26,5.8,6.51,3.76,4.3,5.76,7.23,3.27,5.87,3.43,3.61,3.64,3.48,2.27,1.44,1.52,0.92,1.15,0.76,0.75,0.47,0.56,0.36,0.35,0.33,0.31,0.28,,,,,,,,,,,,,,,,,,,,,,,,,,,,,,,,,,,,
1165,1080,30,Juniper Coast,intermediate,0.38,0.52,0.79,0.74,0.95,1.17,1,1.29,1.45,2.68,3.27,3.81,2.63,4.44,5.41,6.33,2.87,3.4,6.63,5.7,6.68,6.13,3.76,3.91,2.86,4.2,2.5,2.54,2.62,1.92,1.29,1.97,1.55,1.01,0.88,0.72,,,,,,,,,,,,,,,,,,,,,,,,,,,,,,,,,,,,
1166,1080,30,Juniper Coast,intermediate,0.41,0.41,0.45,0.6,0.72,0.92,0.77,1.31,1.46,2.08,1.31,1.56,2.5,3.87,3.48,4.75,4.16,4.05,3.19,5.63,4.88,3.65,6.19,4.4,6.7,4.33,3,2.63,4.36,2.69,2.22,3.81,2.64,2.52,1.2,1.15,,,,,,,,,,,,,,,,,,,,,,,,,,,,,,,,,,,,
1167,1080,30,Juniper Coast,intermediate,1.56,1.57,1.98,2.25,2,2.16,2.26,4.68,2.49,4.09,4.87,3.65,2.81,3.31,5.96,5.63,6.38,6.21,3.89,5.13,2.56,2.36,3.5,3.95,1.66,2.11,1.94,1.99,1.47,1.14,0.93,0.87,0.58,0.79,0.68,0.59,,,,,,,,,,,,,,,,,,,,,,,,,,,,,,,,,,,,
1168,1080,30,Juniper Coast,intermediate,0.56,0.86,1.15,1.31,1.32,1.24,1.38,1.27,1.4,1.72,3.47,2.91,3.32,3.69,4.11,3.67,4.06,5.33,4.93,3.25,5.84,3.38,5.35,3.84,3.51,3.82,3.02,2.82,3.36,3.02,3.02,1.79,1.68,1.55,1.49,1.56,,,,,,,,,,,,,,,,,,,,,,,,,,,,,,,,,,,,
1169,1080,30,Juniper Coast,intermediate,2.28,2.09,2.02,1.9,2.1,3.9,4.9,3.15,5.24,3.65,3.02,4.8,2.97,4.14,5.28,4.8,3.65,4.03,5.2,4.85,2.08,2.47,2.58,2.31,3.1,1.83,2.26,1.4,1.71,1.49,0.87,1.11,0.6,0.73,0.82,0.67,,,,,,,,,,,,,,,,,,,,,,,,,,,,,,,,,,,,
1170,1080,30,Juniper Coast,intermediate,1.64,1.76,1.9,2.55,1.45,2.25,3.76,3.66,2.23,3.84,5.04,4.68,3.72,3.23,2.78,4.52,3.14,5.43,5.11,2.5,2.72,2.72,4.04,4.36,3.17,1.81,2.12,1.71,1.81,2.75,1.13,1.6,1.43,0.86,1.24,1.34,,,,,,,,,,,,,,,,,,,,,,,,,,,,,,,,,,,,
1171,1080,30,Juniper Coast,rare,0.95,0.84,1.78,1.58,3.33,5.28,4.81,5.22,5.27,9.2,5.6,6.05,7.28,8.36,6.07,5.99,3.5,4.77,2.66,2.52,1.84,1.18,0.84,0.51,0.54,0.42,0.38,0.38,0.36,0.36,0.36,0.35,0.35,0.35,0.35,0.37,,,,,,,,,,,,,,,,,,,,,,,,,,,,,,,,,,,,
1172,1080,30,Juniper Coast,rare,0.73,0.71,1.29,1.39,1.8,1.98,2.77,4.44,5.7,4.53,5.22,8.29,7.54,6.1,5.44,7.51,7.77,4.75,4.3,2.51,3.16,2.85,1.62,1.31,1.52,0.68,0.72,0.47,0.49,0.39,0.39,0.35,0.33,0.33,0.32,0.3,,,,,,,,,,,,,,,,,,,,,,,,,,,,,,,,,,,,
1173,1080,30,Juniper Coast,rare,0.3,0.32,0.38,0.45,0.43,0.54,0.82,0.68,1.48,1.69,2.52,3.04,3.41,3.29,4.87,2.9,4.09,4.01,7.33,5.82,5.25,4.76,7.06,5.43,6.52,3.82,4.23,3.39,3.16,1.66,1.74,1.33,1.49,0.71,0.58,0.5,,,,,,,,,,,,,,,,,,,,,,,,,,,,,,,,,,,,
1174,1080,30,Juniper Coast,rare,2.12,2.78,3.86,4.29,3.39,2.83,4.73,3.33,3.96,7.64,3.95,6.17,5.98,4.55,7.14,5.11,3.23,3.64,3.32,3.03,3.33,2.62,1.38,1.39,0.96,0.8,0.8,0.72,0.49,0.44,0.38,0.37,0.33,0.31,0.31,0.32,,,,,,,,,,,,,,,,,,,,,,,,,,,,,,,,,,,,
1175,1080,30,Juniper Coast,rare,0.59,0.86,1.27,1.76,1.87,1.88,1.8,3.26,4.05,2.94,3.16,2.54,6.15,3.08,4.56,5.75,6.13,4.76,4.19,5.25,4.94,5.36,4.39,4.3,2,2.58,2.18,2.19,1.57,1,1.04,0.64,0.47,0.65,0.48,0.36,,,,,,,,,,,,,,,,,,,,,,,,,,,,,,,,,,,,
1176,1080,30,Juniper Coast,rare,0.31,0.34,0.4,0.48,0.57,0.51,0.83,1.01,1.1,1.19,1.49,1.74,1.42,1.42,2.25,2.94,2.04,2.19,2.98,4.17,5.19,4.27,6.57,3.34,6.79,4.92,4.61,6.46,6.04,5.73,2.6,3.07,2.67,3.32,3.23,1.81,,,,,,,,,,,,,,,,,,,,,,,,,,,,,,,,,,,,
1177,1080,30,Juniper Coast,rare,1.76,2.09,1.95,2.29,2.97,4.9,3.96,3.91,3.98,3.08,3.58,3.55,5.86,4.66,5.09,5.7,3.73,5.32,4.05,5.15,4.43,2.69,1.72,2.27,2.52,1.85,1.06,1.08,0.95,0.8,0.58,0.72,0.49,0.39,0.49,0.38,,,,,,,,,,,,,,,,,,,,,,,,,,,,,,,,,,,,
1178,1080,30,Juniper Coast,rare,0.56,1.08,0.8,1.33,0.88,2.16,1.82,1.43,3.2,1.63,3.47,2.54,2.72,2.26,4.29,5.29,5.48,4.84,5.47,2.68,4.51,5.51,3.61,3.27,4.56,3.25,3.56,4.02,1.76,2.84,2.39,1.71,1.1,1.69,1.42,0.87,,,,,,,,,,,,,,,,,,,,,,,,,,,,,,,,,,,,
1179,1080,30,Juniper Coast,rare,1.69,1.97,1.26,1.84,2.09,2.28,2.94,2.63,2.6,4.12,2.57,4.15,5.73,3.72,2.65,3.66,3.71,3.16,4.48,4.31,2.58,3.3,2.87,4.27,2.39,2.31,4.22,2.45,3.27,2.84,1.77,1.49,1.48,1.53,1,0.67,,,,,,,,,,,,,,,,,,,,,,,,,,,,,,,,,,,,
1180,1080,30,Juniper Coast,rare,0.64,0.8,0.74,1.37,0.86,1.2,1.63,2.64,1.47,2.43,1.84,3.73,3.98,1.93,3.49,3.86,2.4,4.95,2.46,4.03,2.41,3.43,4.68,5.37,4.33,4.48,2.73,4.43,3.98,2.29,2.77,1.68,3.24,2.84,2.58,2.31,,,,,,,,,,,,,,,,,,,,,,,,,,,,,,,,,,,,
1181,1440,60,Juniper Coast,frequent,0.55,0.55,0.55,0.56,0.56,0.58,0.69,0.91,0.95,1.94,3.54,3.56,6.37,5.12,12.44,7.34,14.38,7.65,12.6,9.6,3.21,3.8,1.44,1.11,,,,,,,,,,,,,,,,,,,,,,,,,,,,,,,,,,,,,,,,,,,,,,,,
1182,1440,60,Juniper Coast,frequent,0.53,0.54,0.56,0.6,0.62,0.89,1.06,2,2.05,3.48,4.58,8.46,10.04,11.12,7.21,13.77,5.77,5.19,6.84,4.73,4.19,3.18,1.71,0.88,,,,,,,,,,,,,,,,,,,,,,,,,,,,,,,,,,,,,,,,,,,,,,,,
1183,1440,60,Juniper Coast,frequent,0.47,0.68,0.68,1.07,1.39,2.13,3.61,2.7,6.35,9.96,6.87,7.34,9.87,9.56,7.33,9.03,7.56,2.68,3.44,3.07,1.93,1,0.64,0.64,,,,,,,,,,,,,,,,,,,,,,,,,,,,,,,,,,,,,,,,,,,,,,,,
1184,1440,60,Juniper Coast,frequent,0.85,1.07,1.6,2.67,3.93,5.47,3.03,5.23,5.18,8.17,10.6,11.2,10.14,4.82,6.35,5.76,2.77,3.35,2.91,1.13,1.44,1.07,0.68,0.58,,,,,,,,,,,,,,,,,,,,,,,,,,,,,,,,,,,,,,,,,,,,,,,,
1185,1440,60,Juniper Coast,frequent,1.63,3.73,3.91,4.44,3.93,5.09,4.8,10.58,5.89,6.48,9.75,9.73,7.68,5.33,3.33,2.75,2.55,2.89,1.36,1.58,0.8,0.71,0.6,0.46,,,,,,,,,,,,,,,,,,,,,,,,,,,,,,,,,,,,,,,,,,,,,,,,
1186,1440,60,Juniper Coast,frequent,0.57,0.65,0.77,0.98,0.87,2.11,1.67,3.23,4.21,4.42,3.38,3.97,4.1,4.8,9.63,8.19,8.46,6.53,7.89,6.7,6.18,4.73,3.39,2.57,,,,,,,,,,,,,,,,,,,,,,,,,,,,,,,,,,,,,,,,,,,,,,,,
1187,1440,60,Juniper Coast,frequent,2.45,3.25,4.98,3.67,7.49,4.31,5.45,4.63,9.72,9.15,5.33,9.19,5.79,3.97,3.9,3.94,2.29,2.14,2.3,1.67,1.44,1.3,0.97,0.67,,,,,,,,,,,,,,,,,,,,,,,,,,,,,,,,,,,,,,,,,,,,,,,,
1188,1440,60,Juniper Coast,frequent,1.57,1.55,3.15,2.04,3.62,4.8,3.16,5.24,7.33,5.91,3.66,6.13,5.32,8.11,8.09,5.25,5.74,5.78,4.43,1.94,2.44,2.14,1.1,1.5,,,,,,,,,,,,,,,,,,,,,,,,,,,,,,,,,,,,,,,,,,,,,,,,
1189,1440,60,Juniper Coast,frequent,2.68,2.58,3.39,3.21,2.65,4.78,4.4,6.09,7.89,5.08,6.52,7.97,7.4,6.9,3.06,5.66,2.81,4.41,2.78,2.58,2.43,2.4,1.45,0.88,,,,,,,,,,,,,,,,,,,,,,,,,,,,,,,,,,,,,,,,,,,,,,,,
1190,1440,60,Juniper Coast,frequent,2.94,2.61,2.41,5.81,5.76,6.71,6.69,6.28,5.27,4.25,7.61,7.35,6.64,5.95,2.88,3.52,2.86,3.58,3.37,1.9,1.96,1.27,1.65,0.73,,,,,,,,,,,,,,,,,,,,,,,,,,,,,,,,,,,,,,,,,,,,,,,,
1191,1440,60,Juniper Coast,intermediate,0.44,0.44,0.45,0.48,0.53,0.71,1.22,1.92,3.19,3.37,7.49,8.73,11.34,9.03,8.31,7.35,10.34,10.12,6.54,3.32,1.88,1.42,0.76,0.62,,,,,,,,,,,,,,,,,,,,,,,,,,,,,,,,,,,,,,,,,,,,,,,,
1192,1440,60,Juniper Coast,intermediate,1.91,3.23,3.09,5.79,8.84,7.62,10.23,9.93,13.37,5.34,9.25,6.45,3.74,3.62,1.62,1.28,0.88,0.62,0.58,0.54,0.53,0.52,0.52,0.5,,,,,,,,,,,,,,,,,,,,,,,,,,,,,,,,,,,,,,,,,,,,,,,,
1193,1440,60,Juniper Coast,intermediate,0.64,1.05,0.88,1.52,2.1,3.86,5.27,8.33,8.68,8.65,7.88,9.45,10.42,7.54,5.07,4.08,5.55,3.33,2.04,1.3,0.76,0.58,0.53,0.49,,,,,,,,,,,,,,,,,,,,,,,,,,,,,,,,,,,,,,,,,,,,,,,,
1194,1440,60,Juniper Coast,intermediate,3.06,3.48,3.42,6.35,5.99,9.89,8.22,9.09,7.41,4.61,9.08,8.7,5.21,2.63,3.99,2.23,1.63,1.58,0.85,0.8,0.48,0.47,0.43,0.4,,,,,,,,,,,,,,,,,,,,,,,,,,,,,,,,,,,,,,,,,,,,,,,,
1195,1440,60,Juniper Coast,intermediate,2.95,3.28,3.16,5.68,5.18,9.34,8.71,6.25,10.79,10.83,7.28,4.1,4.97,3.8,3.18,2.68,1.73,1.97,0.99,0.98,0.65,0.51,0.51,0.48,,,,,,,,,,,,,,,,,,,,,,,,,,,,,,,,,,,,,,,,,,,,,,,,
1196,1440,60,Juniper Coast,intermediate,1.15,1.87,3.53,2.46,4.09,5.62,5.19,8.49,4.09,8.75,8.76,4.61,7.01,6.84,6.46,4.18,5.26,4.04,2.1,1.65,1.51,0.94,0.7,0.7,,,,,,,,,,,,,,,,,,,,,,,,,,,,,,,,,,,,,,,,,,,,,,,,
1197,1440,60,Juniper Coast,intermediate,1.89,3.87,4.68,5.48,3.87,5.11,5.73,5.6,5.02,9.79,6.38,6.5,4.97,7.99,4.99,3.06,4.28,2.46,2.29,2.49,1.13,0.86,0.79,0.77,,,,,,,,,,,,,,,,,,,,,,,,,,,,,,,,,,,,,,,,,,,,,,,,
1198,1440,60,Juniper Coast,intermediate,2.46,3.13,5.04,3.35,4.96,5.06,5.54,5.48,6.49,5.83,5.7,6.85,5.53,7.48,6.88,2.71,4.67,2.49,2.45,2.57,1.63,1.52,1.18,1,,,,,,,,,,,,,,,,,,,,,,,,,,,,,,,,,,,,,,,,,,,,,,,,
1199,1440,60,Juniper Coast,intermediate,4.68,3.76,4.48,5.7,4.41,6.42,3.93,6.64,5.59,4.23,4.27,5.52,7.15,4.59,6.26,3.76,4.14,4.37,2.76,2.52,1.52,1.57,0.91,0.82,,,,,,,,,,,,,,,,,,,,,,,,,,,,,,,,,,,,,,,,,,,,,,,,
1200,1440,60,Juniper Coast,intermediate,4.52,2.9,3.12,8.05,8.53,5.28,5.67,4.51,4.01,7.46,8.55,5.75,3.67,6.26,5.75,4.55,2.38,1.94,1.61,1.41,1.27,1.33,0.8,0.68,,,,,,,,,,,,,,,,,,,,,,,,,,,,,,,,,,,,,,,,,,,,,,,,
1201,1440,60,Juniper Coast,rare,0.73,1.32,2.03,3.13,4.36,4.14,9.71,11.13,10.49,16.03,10.01,5.72,6.24,3.81,2.73,2.11,1.5,0.93,0.73,0.65,0.64,0.62,0.62,0.62,,,,,,,,,,,,,,,,,,,,,,,,,,,,,,,,,,,,,,,,,,,,,,,,
1202,1440,60,Juniper Coast,rare,0.5,0.5,0.51,0.55,0.62,0.85,1.2,1.21,2.18,2.83,5.54,7.91,9.08,5.58,12.91,9.02,9.99,10.29,4.59,5.87,2.54,2.9,1.84,0.99,,,,,,,,,,,,,,,,,,,,,,,,,,,,,,,,,,,,,,,,,,,,,,,,
1203,1440,60,Juniper Coast,rare,0.43,0.46,0.48,0.67,0.78,0.88,1.34,2.44,2.43,5.13,4.56,8.86,10.82,10.14,9.67,9.7,5.54,8.04,5.91,2.94,2.18,3.13,2.18,1.29,,,,,,,,,,,,,,,,,,,,,,,,,,,,,,,,,,,,,,,,,,,,,,,,
1204,1440,60,Juniper Coast,rare,0.83,1.38,1.82,1.79,2.38,4.43,5.74,6.77,5.3,7.28,5.49,11.01,8.39,9.45,5.78,6.01,5.01,3.62,2.9,1.17,1.24,0.92,0.71,0.58,,,,,,,,,,,,,,,,,,,,,,,,,,,,,,,,,,,,,,,,,,,,,,,,
1205,1440,60,Juniper Coast,rare,0.47,0.59,0.62,0.66,1.34,1.08,2.39,2.89,2.88,4.7,5.74,6.34,4.8,6.99,7.48,9.01,8.97,7.37,8.2,6.49,3.15,3.74,2.12,1.98,,,,,,,,,,,,,,,,,,,,,,,,,,,,,,,,,,,,,,,,,,,,,,,,
1206,1440,60,Juniper Coast,rare,1.81,2.44,3.28,3.04,2.33,6.44,5.42,7.11,6.42,7.97,6.53,8.32,8.05,5.6,5.23,3.06,4.39,3.82,3.06,1.46,1.67,1.41,0.61,0.53,,,,,,,,,,,,,,,,,,,,,,,,,,,,,,,,,,,,,,,,,,,,,,,,
1207,1440,60,Juniper Coast,rare,2.93,3.12,4.72,4.27,8.04,5.64,7.04,7.26,5.44,9.32,4.88,7.5,8,3.96,3.5,2.67,1.97,2.44,1.99,1.78,1,1.08,0.76,0.69,,,,,,,,,,,,,,,,,,,,,,,,,,,,,,,,,,,,,,,,,,,,,,,,
1208,1440,60,Juniper Coast,rare,1.37,2.75,1.96,3.84,2.21,5.3,3.99,3.66,3.92,4.68,7.1,7.5,6.27,5.34,6,7.87,6.59,6.5,3.83,2.01,2.29,1.83,1.53,1.66,,,,,,,,,,,,,,,,,,,,,,,,,,,,,,,,,,,,,,,,,,,,,,,,
1209,1440,60,Juniper Coast,rare,1.74,3.35,4.21,5.54,4.31,4.9,4.44,3.91,7.31,6.76,6.89,5.44,5.33,7.19,7.01,5.29,3.05,2.96,2.37,2.53,1.98,1.38,1.29,0.82,,,,,,,,,,,,,,,,,,,,,,,,,,,,,,,,,,,,,,,,,,,,,,,,
1210,1440,60,Juniper Coast,rare,5.11,3.63,6.5,6.28,8.24,6.01,4.03,7.09,7.94,7.22,5.65,3.9,4.49,5.36,2.61,2.93,2.24,2.76,1.53,1.75,1.42,1.47,0.75,1.09,,,,,,,,,,,,,,,,,,,,,,,,,,,,,,,,,,,,,,,,,,,,,,,,
1211,2160,60,Juniper Coast,frequent,0.39,0.46,0.49,0.88,0.89,1.15,1.83,3.16,3.2,2.61,5.41,7.05,9.03,7.24,7.8,7.63,7.26,6.83,6.32,3.62,3.08,2.89,2.5,2.1,1.32,0.72,0.72,0.49,0.41,0.39,0.37,0.36,0.35,0.35,0.35,0.35,,,,,,,,,,,,,,,,,,,,,,,,,,,,,,,,,,,,
1212,2160,60,Juniper Coast,frequent,1.48,1.37,1.8,2.28,3.99,3.16,3.37,3.52,5.14,8.87,5.28,8.79,5.34,4.87,5.93,4.73,4.11,7.28,3.94,2.38,2.22,1.45,1.98,1.17,0.84,0.77,0.55,0.47,0.43,0.39,0.36,0.35,0.35,0.34,0.34,0.36,,,,,,,,,,,,,,,,,,,,,,,,,,,,,,,,,,,,
1213,2160,60,Juniper Coast,frequent,0.41,0.53,0.61,0.85,0.66,1.21,1.87,1.77,2.12,3.9,2.08,4.24,4.96,3.29,7.92,7.65,8.22,4.9,3.64,5.99,5.33,4.44,2.88,4.28,3.67,3.7,1.61,1.41,1.43,1.04,0.66,0.86,0.6,0.49,0.42,0.36,,,,,,,,,,,,,,,,,,,,,,,,,,,,,,,,,,,,
1214,2160,60,Juniper Coast,frequent,0.36,0.37,0.47,0.47,0.61,0.52,1.01,0.8,1.65,2.03,2.56,2.81,2.41,4.65,5.07,2.8,5.91,2.91,6.81,6.54,5.65,5.06,6.85,6.26,3.16,4.06,2.62,2.1,2.72,2.89,2.48,1.99,1.2,0.81,0.78,0.61,,,,,,,,,,,,,,,,,,,,,,,,,,,,,,,,,,,,
1215,2160,60,Juniper Coast,frequent,0.34,0.32,0.35,0.5,0.43,0.74,0.72,0.86,1.35,1.12,1.19,1.8,2.77,2.99,2.46,2.9,3.91,3.88,5.07,3.73,4.02,4.04,4.67,3.69,7.11,5.24,4.06,3.93,6.37,5.39,2.65,2.33,2.75,2.57,1.84,1.91,,,,,,,,,,,,,,,,,,,,,,,,,,,,,,,,,,,,
1216,2160,60,Juniper Coast,frequent,1.66,2.14,2.47,1.88,3.7,2.15,4.12,4.39,4.88,4.42,4.81,4.37,7.06,4.55,3.47,4.15,3.09,5.15,3.16,4.54,3.89,2.67,2,2.22,2.56,2.47,1.37,1.15,1.21,1,0.9,0.57,0.66,0.44,0.39,0.34,,,,,,,,,,,,,,,,,,,,,,,,,,,,,,,,,,,,
1217,2160,60,Juniper Coast,frequent,0.82,1.17,2.06,2.37,2.87,1.8,2.7,3.46,2.42,2.76,2.96,4.25,5.85,3.44,3.55,3.93,5.53,5.55,3.27,3.31,3.73,5.14,3.88,3.46,3.87,3.56,1.47,2.38,2.04,0.97,1.29,0.91,1.08,0.74,0.86,0.55,,,,,,,,,,,,,,,,,,,,,,,,,,,,,,,,,,,,
1218,2160,60,Juniper Coast,frequent,0.64,0.58,0.71,0.67,0.85,1.07,1.78,0.95,2.37,1.36,2.88,1.82,2.03,2.48,3.78,4.77,4.28,5.2,5.6,3.8,5.5,4.5,5.21,2.58,4.71,5.88,3.41,2.55,2.43,3.39,2.06,1.69,2.27,2.98,1.76,1.46,,,,,,,,,,,,,,,,,,,,,,,,,,,,,,,,,,,,
1219,2160,60,Juniper Coast,frequent,0.73,0.58,0.98,0.82,1.3,1.35,1.24,1.99,2.37,2.39,2.7,2.73,1.95,3.54,3.59,2,2.21,2.39,4.49,4.58,5.36,5.26,4.12,4.34,3.13,4.21,5.01,2.26,2.72,2.68,3.95,3.25,3.2,2.33,1.98,2.27,,,,,,,,,,,,,,,,,,,,,,,,,,,,,,,,,,,,
1220,2160,60,Juniper Coast,frequent,1.14,2.48,1.84,2.06,1.76,2.65,4.06,4.33,3.54,2.7,4.87,2.25,3.64,4.37,3.61,3.78,3.36,5.14,3.2,5.27,4.68,4.25,3.71,2.28,2.27,2.16,2.48,2.19,1.49,1.23,1.62,1.73,0.87,0.94,1.37,0.68,,,,,,,,,,,,,,,,,,,,,,,,,,,,,,,,,,,,
1221,2160,60,Juniper Coast,intermediate,0.34,0.34,0.34,0.34,0.34,0.34,0.34,0.35,0.35,0.38,0.41,0.41,0.47,0.84,0.9,0.94,1.34,3.41,2.86,4.62,5.12,4.6,8.69,8.79,6.53,4.68,8.78,7.21,6.58,5,3.94,3.82,2.52,2.16,1.02,0.9,,,,,,,,,,,,,,,,,,,,,,,,,,,,,,,,,,,,
1222,2160,60,Juniper Coast,intermediate,0.37,0.37,0.37,0.37,0.38,0.39,0.4,0.41,0.45,0.47,0.62,0.68,1.02,1.36,1.27,2.32,2.27,3.73,4.89,5.33,6.52,3.89,4.53,9.58,8.11,5.31,6.96,4.9,4,5.36,2.7,3.13,2.25,2.29,1.76,1.24,,,,,,,,,,,,,,,,,,,,,,,,,,,,,,,,,,,,
1223,2160,60,Juniper Coast,intermediate,0.76,1.08,1.38,0.94,2.49,2.15,2.92,3.12,4.68,5.24,4.76,4.79,7.98,4.69,5.44,7.44,5.72,3.58,3.48,5.07,2.93,4.35,3.63,1.55,1.82,1.61,1.5,0.98,0.81,0.73,0.47,0.49,0.39,0.38,0.33,0.32,,,,,,,,,,,,,,,,,,,,,,,,,,,,,,,,,,,,
1224,2160,60,Juniper Coast,intermediate,0.87,1.46,1.07,2.2,2.5,3.43,4.19,4.55,5.02,3.62,3.61,4.57,4.52,3.66,6.03,7.89,4.57,4.19,6.13,3.53,3.22,3.49,3.29,2.28,1.85,1.76,1.36,1.03,0.75,0.72,0.69,0.42,0.41,0.39,0.37,0.36,,,,,,,,,,,,,,,,,,,,,,,,,,,,,,,,,,,,
1225,2160,60,Juniper Coast,intermediate,0.39,0.53,0.69,0.91,0.87,0.88,1.9,2.26,2.17,3.06,3.64,2.32,3.57,4.1,4.85,2.59,5.31,6.67,5.54,4.41,6.64,4.7,4.81,3.74,3.45,4.06,3.65,1.86,2.86,1.56,1.7,1.53,0.81,0.88,0.6,0.49,,,,,,,,,,,,,,,,,,,,,,,,,,,,,,,,,,,,
1226,2160,60,Juniper Coast,intermediate,0.4,0.46,0.48,0.45,0.51,0.68,0.65,1,0.97,1.22,1.76,2.41,2.36,2.71,2.18,4.32,3.76,3.59,4.09,6.19,5.57,6.05,6.58,5.53,6.15,6.04,3.16,3.79,2.22,2.39,1.82,3.42,2.16,1.28,1.84,1.81,,,,,,,,,,,,,,,,,,,,,,,,,,,,,,,,,,,,
1227,2160,60,Juniper Coast,intermediate,0.39,0.5,0.6,0.55,0.61,0.59,0.84,1.26,1.26,1.08,2.46,2.79,2.6,2.7,3.52,3.78,2.62,5.39,3.01,2.83,3.31,4.45,3.96,7.14,5.36,6.13,2.94,3.99,4.33,4.16,2.52,3.88,2.01,2.36,2.68,1.4,,,,,,,,,,,,,,,,,,,,,,,,,,,,,,,,,,,,
1228,2160,60,Juniper Coast,intermediate,0.56,0.61,0.53,0.55,1.03,1,1.05,1.33,1.78,2.18,2.6,2.16,1.7,3.07,3.17,2.05,4.79,2.88,4.76,2.56,3.43,3.51,5.94,5.57,3.07,6.63,4.16,5.28,2.89,3.13,3.36,2.08,2.78,2.44,3.03,2.34,,,,,,,,,,,,,,,,,,,,,,,,,,,,,,,,,,,,
1229,2160,60,Juniper Coast,intermediate,1.3,2.26,1.96,3,2.37,2.95,3.25,2.14,2.23,5.25,2.41,4.16,5.8,3.67,5.05,4.64,5.29,3.34,5.02,4.05,3.63,3.91,3.34,2.5,2.47,1.78,2.46,1.34,1.4,1.37,1.68,0.77,1.21,0.87,0.56,0.57,,,,,,,,,,,,,,,,,,,,,,,,,,,,,,,,,,,,
1230,2160,60,Juniper Coast,intermediate,1.25,1.18,1.53,2.03,2.19,1.21,2.66,2.1,1.87,1.61,2.54,2.99,3.44,2.53,4.78,3.77,2.68,5.26,3.54,4.83,3.85,2.62,5.31,4.39,4.79,2.4,2.38,3.54,1.92,2.3,2.94,3.03,2.13,1.89,1.53,0.99,,,,,,,,,,,,,,,,,,,,,,,,,,,,,,,,,,,,
1231,2160,60,Juniper Coast,rare,0.38,0.38,0.4,0.47,0.48,0.56,1.03,1.58,1.86,2.31,2.05,5.47,5.49,7.44,6.57,4.89,4.89,6.16,5.48,9.43,4.02,7.25,6.49,2.86,1.99,2.91,1.81,1.43,0.85,0.64,0.48,0.43,0.4,0.39,0.37,0.36,,,,,,,,,,,,,,,,,,,,,,,,,,,,,,,,,,,,
1232,2160,60,Juniper Coast,rare,0.32,0.32,0.32,0.33,0.33,0.35,0.36,0.41,0.51,0.53,0.83,0.84,1.54,2.09,2.64,2.67,4.04,2.58,4.64,5.09,8.27,8.06,6.78,7.6,3.79,7.41,4.6,6.37,4.68,3.01,2.97,2.01,1.11,0.79,0.94,0.87,,,,,,,,,,,,,,,,,,,,,,,,,,,,,,,,,,,,
1233,2160,60,Juniper Coast,rare,1.35,1.44,2.99,3.39,3.72,4.75,3.38,6.48,6.36,4.59,5.13,5.1,5.19,4.04,7.66,7.04,4.57,4.55,3.25,1.79,2.7,2.32,1.8,0.97,1.1,0.81,0.48,0.4,0.42,0.35,0.34,0.32,0.31,0.3,0.3,0.31,,,,,,,,,,,,,,,,,,,,,,,,,,,,,,,,,,,,
1234,2160,60,Juniper Coast,rare,0.59,0.61,0.99,1.13,1.37,1.72,1.35,1.49,3.06,3.25,3.38,3.81,3.7,6.72,4.89,4.8,7.27,7.93,7.03,6.22,3.39,3.28,5.22,2.82,2.41,1.69,2.23,1.32,1.81,1.1,1.05,0.62,0.51,0.46,0.42,0.36,,,,,,,,,,,,,,,,,,,,,,,,,,,,,,,,,,,,
1235,2160,60,Juniper Coast,rare,1.05,1.56,2.72,1.74,2.46,2.98,2.77,4.56,3.78,6.77,3.87,5.7,6.4,3.49,5.78,7.28,3.68,4.99,4.1,2.42,2.24,4.08,2.32,2.99,1.69,1.95,1.16,1.31,0.78,0.81,0.56,0.6,0.4,0.35,0.37,0.29,,,,,,,,,,,,,,,,,,,,,,,,,,,,,,,,,,,,
1236,2160,60,Juniper Coast,rare,0.7,0.6,0.87,1.23,0.76,1.81,2.08,1.75,1.94,2.11,2.86,3.09,3.92,3.08,4.85,5.17,5.99,3.79,3.89,7.45,3.97,3.05,3.03,5.04,3.67,3.31,3.06,3.66,2.1,2.58,2.94,1.42,1.57,1.07,0.83,0.76,,,,,,,,,,,,,,,,,,,,,,,,,,,,,,,,,,,,
1237,2160,60,Juniper Coast,rare,1.24,1.02,1.46,1.77,1.54,3.32,3.04,4.38,3.54,4.04,4.51,4.17,4.56,6.25,3.54,5.94,3.55,4.47,5.5,2.44,2.47,2.7,2.42,2.29,3.46,2.85,2.56,2.52,2.05,1.75,1.08,0.83,0.74,0.89,0.69,0.42,,,,,,,,,,,,,,,,,,,,,,,,,,,,,,,,,,,,
1238,2160,60,Juniper Coast,rare,2.27,2.81,1.64,3.03,3.69,4.21,3.55,2.61,3.32,2.32,5.75,4.43,3.73,5.11,5,5.29,5.05,4.97,3.47,3.36,3.45,3.06,2.8,2.74,2.52,1.59,1.1,1.37,1.32,0.76,0.87,0.93,0.61,0.43,0.41,0.43,,,,,,,,,,,,,,,,,,,,,,,,,,,,,,,,,,,,
1239,2160,60,Juniper Coast,rare,2.39,1.35,1.5,2.18,3.13,2.54,3.8,4.5,3.31,3.72,5.04,3.93,5.52,4.92,2.61,5.75,3.53,3.05,4.49,3.08,2.38,3.17,3.37,3.4,2.94,2.16,1.98,1.59,1.86,1.24,0.97,1.22,1.09,0.67,0.99,0.63,,,,,,,,,,,,,,,,,,,,,,,,,,,,,,,,,,,,
1240,2160,60,Juniper Coast,rare,1.79,1.34,1.58,2.11,2.91,3.32,2.85,3.27,3.19,4.7,5.27,2.54,4.69,4.05,5.33,2.66,3.41,4.09,2.23,4.71,3.54,4.49,3.48,3.01,2.5,1.93,2.25,1.3,2.5,2.2,1.44,1.58,0.75,1.07,1.09,0.83,,,,,,,,,,,,,,,,,,,,,,,,,,,,,,,,,,,,
1241,2880,60,Juniper Coast,frequent,0.36,0.41,0.42,0.5,0.78,0.64,1.27,1.5,1.45,2.19,2.86,3.44,2.67,5.39,5.71,6.04,7.24,7.61,6.78,4.62,4.32,5.25,4.32,3.38,2.17,3.31,2.7,2.42,1.24,1.18,0.86,1.03,0.61,0.66,0.55,0.38,0.38,0.35,0.32,0.31,0.3,0.3,0.3,0.29,0.29,0.29,0.29,0.32,,,,,,,,,,,,,,,,,,,,,,,,
1242,2880,60,Juniper Coast,frequent,0.53,0.47,0.53,0.65,1.06,1.37,1.18,1.79,1.37,3.22,3.6,2.32,2.43,4.03,5.87,3.14,5.24,5.89,4.22,5.74,6.21,4.27,5.45,4.05,3.14,3.4,3.43,2.07,2.6,2.02,0.94,1.52,0.99,0.7,0.5,0.53,0.47,0.42,0.37,0.28,0.27,0.26,0.26,0.25,0.25,0.24,0.24,0.22,,,,,,,,,,,,,,,,,,,,,,,,
1243,2880,60,Juniper Coast,frequent,0.29,0.32,0.33,0.44,0.36,0.46,0.49,0.72,1.03,1.24,1.65,1.94,1.61,1.77,1.61,1.66,3.44,3.23,3.73,4.02,4.87,3.7,4.38,5.38,5.23,5.92,5.26,2.81,3.69,5.27,3.47,1.96,3.64,2,1.63,1.61,1.24,1.7,1.11,0.92,0.91,0.82,0.45,0.39,0.37,0.35,0.28,0.3,,,,,,,,,,,,,,,,,,,,,,,,
1244,2880,60,Juniper Coast,frequent,0.45,0.38,0.43,0.61,0.74,0.66,0.72,0.83,1.54,1.06,2.46,2.07,2.61,3.55,2.75,3.3,2.36,5.2,3.52,6.03,3.91,3.68,2.8,3.15,4.5,2.73,2.89,3.97,3.14,3.56,2.44,3.96,2.8,2.56,1.47,1.56,2.07,0.99,1.04,1.29,0.63,0.58,0.68,0.61,0.45,0.52,0.38,0.37,,,,,,,,,,,,,,,,,,,,,,,,
1245,2880,60,Juniper Coast,frequent,0.26,0.27,0.26,0.36,0.38,0.32,0.34,0.58,0.59,0.92,0.88,1.17,0.92,1.53,1.31,2.18,2.39,2.69,2.76,3.15,2.56,2.56,2.67,3.72,3.58,3.25,3.95,4.77,4.12,2.36,5.12,5.03,4.16,4.04,2.78,2.27,2.56,3.34,1.54,2.45,1.9,1.21,1.68,0.94,1.47,1.13,0.77,0.81,,,,,,,,,,,,,,,,,,,,,,,,
1246,2880,60,Juniper Coast,frequent,0.25,0.32,0.36,0.43,0.42,0.5,0.42,0.46,0.55,0.79,0.67,1.33,1.23,1.09,1.5,1.62,1.97,2.54,1.84,3.39,2.75,3.72,1.82,2.71,2.43,3.76,2.94,2.47,5.25,3.75,5.12,2.68,2.51,4.6,4.05,3.61,3.51,3.55,1.7,1.74,2.88,1.86,1.63,1.92,2.21,1.2,1.15,0.8,,,,,,,,,,,,,,,,,,,,,,,,
1247,2880,60,Juniper Coast,frequent,0.84,0.59,1.02,0.79,0.72,1.08,1.33,1.67,1.04,2.23,2.32,1.47,2.01,1.62,2.77,2.67,3.42,3.37,3.17,2.53,3.09,4.11,3.32,2.16,5.17,4.96,2.44,2.27,4.4,2.78,4.27,1.82,1.82,1.91,1.88,2.59,2.05,1.48,2.07,1.2,1.08,0.99,1.04,1.29,1.17,0.7,0.81,0.47,,,,,,,,,,,,,,,,,,,,,,,,
1248,2880,60,Juniper Coast,frequent,0.82,0.86,1.24,1.32,0.88,2.02,1.94,2.3,1.44,1.98,2.46,2.02,2.23,1.78,2.91,2.72,3.72,3.65,2.59,4.27,4.15,2.7,2.98,3.77,3.21,2.67,2.66,3.8,2.78,3.68,2.39,1.66,2.48,2.57,2.18,1.15,2.11,1.96,0.95,1.11,0.83,0.93,0.74,0.58,0.77,0.87,0.8,0.37,,,,,,,,,,,,,,,,,,,,,,,,
1249,2880,60,Juniper Coast,frequent,2.01,1.65,1.56,1.84,1.93,1.53,1.47,1.62,1.82,3.26,3.35,3.91,4.18,3.9,3.71,3.05,3.9,2.84,3.88,2.46,4.04,4.17,2.64,1.94,2.45,2.87,2.45,2.84,1.35,2.65,2.33,1.71,2.2,1.88,1.31,0.94,0.86,0.68,0.9,1.11,0.81,0.9,0.83,0.51,0.45,0.38,0.52,0.41,,,,,,,,,,,,,,,,,,,,,,,,
1250,2880,60,Juniper Coast,frequent,0.74,0.74,1.04,1.06,1.03,1.59,1.04,1.23,1.39,2.3,1.26,1.38,2.48,2.35,3.03,2.71,3.27,2.49,2.16,3.48,2.89,3.41,3.18,3.05,3.38,3.12,2.44,2.32,3.79,3.7,2.24,1.51,2.37,3.26,2.44,2.74,2.8,2.25,1.18,1.33,1.58,1.69,0.92,1.77,1.01,0.71,1.1,1.05,,,,,,,,,,,,,,,,,,,,,,,,
1251,2880,60,Juniper Coast,intermediate,0.28,0.28,0.29,0.3,0.3,0.36,0.41,0.46,0.59,0.48,0.95,0.83,1.62,1.2,1.61,2.05,2,2.7,5.89,5.29,3.9,5.87,6.02,4.79,6.42,4.24,7.16,5.84,3.94,3.67,3.32,2.58,2.86,1.89,2.12,1.29,1.38,1.12,0.7,0.44,0.42,0.34,0.32,0.3,0.31,0.29,0.29,0.29,,,,,,,,,,,,,,,,,,,,,,,,
1252,2880,60,Juniper Coast,intermediate,0.3,0.3,0.34,0.39,0.53,0.63,0.73,0.76,1.19,0.87,1.37,1.64,2.11,2.68,1.94,3.89,5.2,4.53,6.39,3.35,5.81,4.89,4.09,5.65,6.12,4.58,4.96,4.12,3.13,2.22,3.03,2.07,1.24,1.21,1.45,1.03,1.02,0.68,0.68,0.43,0.45,0.34,0.31,0.27,0.27,0.27,0.25,0.29,,,,,,,,,,,,,,,,,,,,,,,,
1253,2880,60,Juniper Coast,intermediate,0.44,0.58,0.57,0.72,0.72,0.81,1.45,0.86,1.6,1.78,2.77,1.48,2.9,3.99,3.25,3.67,2.84,2.78,3.49,3.68,4.18,6.77,3.76,6.25,2.6,2.6,4.28,3.5,4.35,3.21,3.25,2.62,2.04,1.07,1.23,1.43,1.27,0.79,0.79,0.74,0.6,0.37,0.36,0.35,0.35,0.29,0.28,0.29,,,,,,,,,,,,,,,,,,,,,,,,
1254,2880,60,Juniper Coast,intermediate,0.93,1.24,1.13,1.52,1.53,2,2.03,1.79,2.74,3.12,2.5,3.03,3.76,2.83,2.93,4.02,4.42,4.05,4.56,4.61,5.22,4.71,3.72,5.01,3.65,1.88,2.49,2.07,3.18,2.56,1.42,1.15,1.25,0.99,0.64,0.67,0.64,0.71,0.48,0.5,0.43,0.36,0.32,0.25,0.26,0.26,0.23,0.21,,,,,,,,,,,,,,,,,,,,,,,,
1255,2880,60,Juniper Coast,intermediate,0.41,0.83,0.72,0.79,0.69,0.97,1.67,1.73,1.46,2.57,1.51,1.82,3.2,2.26,3.64,4.16,2.04,4.52,4.91,5.07,4.46,4.26,2.66,2.91,4.87,3.91,2.31,3.1,2.88,2.93,2.3,1.66,1.54,2.32,1.58,1.17,1.84,1.48,1.43,0.81,0.91,0.91,0.67,0.46,0.57,0.36,0.36,0.37,,,,,,,,,,,,,,,,,,,,,,,,
1256,2880,60,Juniper Coast,intermediate,1.09,1.25,1.45,1.46,1.07,1.8,2.53,1.42,2.4,3.06,2.81,2.95,3.13,3.03,4.55,3.92,4.06,4.65,2.3,4.83,3.87,5.19,2.46,2.64,2.66,3.81,2.17,1.96,3.38,1.68,1.49,1.6,1.81,1.39,1.33,1.18,1.31,1.08,0.73,0.91,0.61,0.64,0.61,0.4,0.38,0.4,0.32,0.23,,,,,,,,,,,,,,,,,,,,,,,,
1257,2880,60,Juniper Coast,intermediate,0.3,0.26,0.33,0.42,0.41,0.44,0.48,0.46,0.79,0.91,1.01,0.83,0.76,1.06,0.91,1.68,1.46,2.4,2.18,2.36,3.12,2.16,2.42,1.69,2.31,2.77,2.64,2.61,4,4.35,4.77,3.56,4.24,3.95,4.6,2.44,3.59,4.26,2.57,3.05,2.9,1.79,1.76,2.31,2.04,1.08,1.64,1.93,,,,,,,,,,,,,,,,,,,,,,,,
1258,2880,60,Juniper Coast,intermediate,1.17,0.87,1.44,1.79,1.26,1.42,1.25,2.03,2.52,2.5,2.18,3.31,2.73,1.89,3.66,3.89,2.92,2.01,2.42,2.78,3.53,4.26,2.19,3.46,3.75,2.48,3.57,3.4,2.89,1.47,2.58,2.32,2.12,1.91,1.86,1.55,1.11,1.88,1.31,0.73,1.39,1.23,1.14,1.02,0.89,0.71,0.59,0.62,,,,,,,,,,,,,,,,,,,,,,,,
1259,2880,60,Juniper Coast,intermediate,0.45,0.54,0.69,0.9,0.61,1.05,1.27,1.05,1.31,1.17,1.68,1.1,1.31,1.41,1.89,1.5,2.36,2.51,1.96,2.42,1.95,4.01,1.88,3.34,3.26,4.51,3.95,2.1,2.48,2.24,4.59,2.21,3.59,2.13,2.13,3.05,2.62,3,3.44,2.28,1.47,1.97,2.29,1.32,2.35,1.11,1.61,1.94,,,,,,,,,,,,,,,,,,,,,,,,
1260,2880,60,Juniper Coast,intermediate,1.21,1.29,1.49,0.96,1.48,1.7,1.58,1.89,1.39,1.3,1.58,1.29,1.73,3,2.8,2.15,3.39,3.18,2.02,3.91,3.4,3.49,2.51,3.82,3.24,3.14,3.5,1.77,3.48,1.77,2.93,2.99,1.73,3,2.04,1.28,1.24,2.14,1.71,1.76,2.18,1.07,1.37,1.72,0.9,0.89,0.84,0.75,,,,,,,,,,,,,,,,,,,,,,,,
1261,2880,60,Juniper Coast,rare,0.3,0.3,0.3,0.31,0.31,0.32,0.33,0.36,0.35,0.49,0.5,0.7,0.74,0.97,0.87,1.9,1.21,2.36,2.39,3.58,3.13,3.67,5.21,3.63,3.97,4.33,3.9,5.84,6.96,7.79,6.94,4.72,2.98,4.84,2.02,2.41,1.7,1.38,1.33,1.01,0.69,0.6,0.46,0.49,0.37,0.39,0.32,0.33,,,,,,,,,,,,,,,,,,,,,,,,
1262,2880,60,Juniper Coast,rare,0.28,0.32,0.32,0.38,0.38,0.55,0.65,0.66,0.76,1.26,0.89,1.82,1.9,1.56,3.07,3.65,4.75,3.52,3.28,5.89,4.32,4.15,4.02,3.23,6.02,6.64,5.43,4.04,4.04,3.52,2.53,2.24,2.15,2.59,1.69,1.42,0.97,0.93,0.82,0.7,0.42,0.46,0.35,0.3,0.31,0.28,0.27,0.27,,,,,,,,,,,,,,,,,,,,,,,,
1263,2880,60,Juniper Coast,rare,0.25,0.26,0.25,0.26,0.27,0.28,0.27,0.32,0.32,0.36,0.46,0.47,0.56,0.55,0.8,0.85,1.33,1.65,1.86,1.62,1.69,1.58,1.89,1.89,2.89,4.58,3.05,5.45,5.09,3.87,3.21,3.29,4.48,6.5,4.41,3.9,4.84,3.54,2.85,3.46,3.2,1.53,2.7,1.48,1.98,1.48,1.2,0.98,,,,,,,,,,,,,,,,,,,,,,,,
1264,2880,60,Juniper Coast,rare,0.23,0.24,0.26,0.28,0.3,0.3,0.42,0.35,0.54,0.44,0.62,0.75,0.92,1.18,1.16,0.94,2.17,1.92,1.34,1.82,3.51,2.81,2.79,3.06,3.59,5.04,2.98,4.52,4.73,3.95,4.87,2.87,5.37,3.44,4.53,4.98,2.83,2.17,1.91,1.73,1.78,1.72,1.77,2.02,1.62,1.43,0.97,0.83,,,,,,,,,,,,,,,,,,,,,,,,
1265,2880,60,Juniper Coast,rare,0.6,0.41,0.78,0.95,0.67,0.82,1.06,1.19,1.04,1.75,1.81,2.65,2.23,2.19,1.76,3.48,2.13,3.81,4.58,3.08,5.11,4.53,3.86,4.73,3.69,2.78,4.91,2.03,3.4,2.08,3.49,3.42,2.94,1.5,1.89,2.38,1.35,1.7,1.07,1.26,0.92,0.97,0.74,0.56,0.47,0.42,0.41,0.4,,,,,,,,,,,,,,,,,,,,,,,,
1266,2880,60,Juniper Coast,rare,0.27,0.31,0.31,0.39,0.32,0.38,0.44,0.58,0.64,0.82,0.7,0.77,0.94,0.75,1.5,1.67,1.65,1.97,1.59,2.41,1.6,2.73,3.93,3.41,2.03,3.08,2.08,3.02,3.47,3.36,4.1,5.66,3.83,2.47,2.42,3.39,2.52,4.7,4.69,3.79,3,2.44,1.96,1.68,1.74,1.97,1.43,1.09,,,,,,,,,,,,,,,,,,,,,,,,
1267,2880,60,Juniper Coast,rare,1.17,1,1.32,2.63,2.55,2.37,3.42,2.47,3.12,3.96,3.43,2.01,3.29,2.46,2.91,3.26,2.97,2.81,2.44,2.8,4.32,3.15,2.97,1.91,4,3.93,2.11,2.74,3.33,2.06,2.64,2.19,1.35,1.56,1.08,1.21,1.12,0.87,0.93,0.57,0.63,0.67,0.39,0.57,0.31,0.37,0.31,0.32,,,,,,,,,,,,,,,,,,,,,,,,
1268,2880,60,Juniper Coast,rare,0.29,0.31,0.37,0.56,0.52,0.67,0.63,0.53,0.54,1.16,0.89,0.73,0.93,0.88,1.6,1.97,1.3,1.83,1.88,1.47,2.28,3.55,2.34,2.29,2.9,2.09,4.17,4.11,4.7,3.64,3.87,4.31,3.38,2.98,2.05,3.45,3.2,2.5,3.91,2.37,3.42,1.69,2.5,2.69,1.21,2.59,1.53,1.22,,,,,,,,,,,,,,,,,,,,,,,,
1269,2880,60,Juniper Coast,rare,2.44,2.56,1.87,2.12,1.68,3.59,2.14,4.12,3.82,3.04,3.27,2.39,2.9,2.95,2.15,2.45,2.61,3.27,3.03,3.46,4.03,3.12,3.03,3.2,2.37,3.3,3.03,2.2,2.43,1.29,1.12,2,1.68,1.37,0.85,1.08,1.21,1.06,1.03,0.58,0.86,0.49,0.6,0.47,0.53,0.39,0.47,0.35,,,,,,,,,,,,,,,,,,,,,,,,
1270,2880,60,Juniper Coast,rare,1.84,1.17,2.17,2.18,2.37,2.77,3,1.79,3.32,2.44,3.01,3.27,2.12,3.55,2.76,3.84,3.4,2.52,1.87,3.91,2.38,2.95,2.6,3.58,1.72,2.49,2.94,1.86,1.93,1.45,1.46,2.59,2.07,1.44,2.08,1.96,1.62,1.57,1.33,0.7,1.11,0.85,0.93,0.66,0.59,0.73,0.66,0.45,,,,,,,,,,,,,,,,,,,,,,,,
1271,4320,60,Juniper Coast,frequent,0.21,0.21,0.21,0.22,0.22,0.23,0.22,0.26,0.26,0.26,0.33,0.34,0.41,0.43,0.62,0.57,0.54,0.68,0.8,0.84,1.19,1.54,1.6,1.9,2.7,2.72,3.15,2.78,2.2,2.11,2.67,3.72,4.89,2.89,5.25,2.75,4.62,5.17,4.77,4.37,3.16,3.98,2.03,2.09,1.89,1.48,1.41,1.23,1.33,1.22,1.43,1.18,0.64,0.63,0.48,0.63,0.56,0.35,0.35,0.38,0.27,0.25,0.25,0.25,0.23,0.21,0.21,0.21,0.21,0.21,0.2,0.2
1272,4320,60,Juniper Coast,frequent,0.17,0.19,0.19,0.19,0.21,0.21,0.23,0.23,0.32,0.34,0.44,0.5,0.38,0.66,0.55,0.77,0.92,0.76,0.67,1.04,1.71,1.96,1.37,1.41,1.42,3.03,2.7,2.47,2.92,3.74,4.02,3.63,3,3.74,2.67,1.97,4.12,4.07,3.35,3.47,4.26,2.11,3.02,1.77,1.57,2.2,2.63,1.82,2.2,0.99,1.22,1.22,1.53,0.82,1.07,0.69,0.6,0.47,0.56,0.56,0.35,0.37,0.34,0.32,0.22,0.22,0.2,0.21,0.19,0.19,0.19,0.15
1273,4320,60,Juniper Coast,frequent,0.26,0.27,0.4,0.47,0.59,0.39,0.8,0.52,1.01,0.67,1.28,1.36,1.39,1.01,2.04,1.56,1.85,1.55,2.59,1.38,2.03,3.07,2.98,3.66,3.75,3.47,2.65,2.54,2.05,3.89,3.52,3.26,1.78,3.76,2.93,3.35,2.18,2.08,2.78,2.64,1.27,1.84,1.72,1.88,1.21,1.71,1.29,0.85,0.73,0.57,0.81,0.83,0.82,0.44,0.34,0.44,0.47,0.27,0.24,0.27,0.23,0.23,0.21,0.21,0.2,0.19,0.18,0.17,0.16,0.16,0.16,0.14
1274,4320,60,Juniper Coast,frequent,0.15,0.16,0.16,0.16,0.16,0.17,0.17,0.17,0.19,0.19,0.24,0.29,0.29,0.34,0.42,0.44,0.4,0.42,0.61,0.54,0.55,0.97,0.86,1.08,0.88,0.73,1.06,1.79,1.13,2.19,1.84,1.31,1.54,1.24,1.4,2.52,2.74,1.73,2.56,2.49,2.97,3.62,2.52,3.34,2.04,2.63,3.36,1.98,3.08,2.89,2.03,3.31,2.5,3.19,2.05,2.34,2.91,2.41,1.47,2.12,1.01,1.04,1.55,0.77,1.51,0.85,1.11,0.96,0.66,0.56,0.42,0.52
1275,4320,60,Juniper Coast,frequent,0.45,0.44,0.45,0.41,0.67,0.77,0.51,0.6,1.01,0.72,1.2,1.3,1.47,0.95,1.91,1.2,1.28,1.77,1.42,1.66,1.18,2.66,2.77,2.1,2.59,2.99,2.43,2.6,1.85,2.77,3.28,2.22,2.48,3.32,1.92,2.64,2.38,2.58,2.78,3.03,1.34,1.24,1.4,2.76,2.17,1.93,2.3,1.98,1.19,0.97,1.18,0.81,1.25,0.66,0.81,0.85,0.49,0.49,0.71,0.66,0.54,0.58,0.34,0.38,0.41,0.23,0.34,0.31,0.26,0.23,0.23,0.2
1276,4320,60,Juniper Coast,frequent,0.36,0.27,0.27,0.39,0.39,0.53,0.45,0.39,0.58,0.74,0.86,0.97,0.76,1.12,1.27,1.13,1.15,1.19,1.61,1.31,1.19,1.43,1.38,1.18,1.97,1.86,1.75,1.94,1.8,2.93,2.1,2.27,2.44,2.05,2.16,3.31,1.91,2.29,3.45,2.2,1.83,2.06,1.39,2.73,2.69,2.22,1.36,2.25,1.95,2.1,1.12,1.63,1.18,1.17,1.82,1.76,1.62,1.41,1.47,1.25,0.73,1.11,1.13,0.75,0.71,0.55,0.61,0.44,0.38,0.59,0.32,0.32
1277,4320,60,Juniper Coast,frequent,0.2,0.23,0.23,0.31,0.35,0.34,0.32,0.26,0.44,0.51,0.32,0.42,0.36,0.48,0.76,0.5,0.92,0.99,1.08,1.17,0.73,0.72,0.88,1.19,1.42,1.4,1.4,0.9,1.15,1.05,2.13,1.32,1.5,1.47,1.5,2.57,2.4,2.52,2.5,3.07,2.01,2.88,2.99,2.21,1.63,2.32,2.92,1.72,3.25,1.4,2.75,2.92,2.12,1.82,1.51,2.25,1.37,1.72,1.93,1.23,2.29,1.34,1.53,1.14,1.17,1.41,1.26,1.06,1.11,0.73,1.07,0.93
1278,4320,60,Juniper Coast,frequent,0.35,0.33,0.38,0.43,0.46,0.46,0.37,0.49,0.52,0.42,0.57,0.48,0.69,0.92,1.07,0.64,0.99,0.78,0.99,0.98,1.18,0.82,1.32,1.33,1.92,1.9,1.66,1.01,2.05,1.51,2.47,2.47,1.18,2.59,2,2.03,2.28,2.14,1.71,2.11,1.36,2,2.42,2.87,2.78,1.99,1.45,1.73,2.02,1.95,2.45,2.62,1.71,1.61,1.88,2.04,2.17,1.83,0.99,1.3,1.83,1.62,1.35,1.12,1.41,0.67,1.04,1.14,0.7,0.82,0.73,0.4
1279,4320,60,Juniper Coast,frequent,0.92,1.11,0.93,0.63,1.39,0.93,1.47,0.74,1.58,1.12,1.86,2.01,1.58,1.89,2.03,2.36,1.97,1.53,1.33,2.23,2.12,2.42,2.08,2.6,2.64,1.46,1.53,2,2.89,1.65,1.45,1.42,2.06,1.59,2.72,1.59,1.31,2.76,1.83,1.82,1.45,1.9,1.44,1.56,1.57,2.1,1.11,0.98,1.1,1.28,1.38,1.21,0.76,1.21,1.24,1.08,1.01,0.79,0.69,0.75,0.55,0.51,0.84,0.63,0.41,0.47,0.41,0.58,0.35,0.41,0.35,0.33
1280,4320,60,Juniper Coast,frequent,0.53,0.49,0.43,0.69,0.48,0.66,0.92,0.81,1.07,0.79,0.79,0.65,1.08,1.41,1.32,1.61,1.11,0.77,1.73,1.57,1.77,1.77,1.07,2.13,1.3,2.29,1.07,1.84,1.09,1.34,1.73,1.44,2.76,1.97,1.49,1.19,1.37,1.99,1.6,2.79,2.75,1.38,1.71,1.51,1.39,2.48,2.6,1.38,1.66,2.5,1.46,2.46,2.43,2.08,1.21,1.4,1.58,1.15,1.27,1.91,0.99,0.97,1.21,0.93,1.24,0.95,0.63,0.67,0.88,0.68,0.97,0.66
1281,4320,60,Juniper Coast,intermediate,0.25,0.25,0.25,0.34,0.35,0.43,0.53,0.68,0.7,0.91,1.1,0.99,1.44,1.79,1.86,2.11,1.53,1.54,2.8,2.02,3.25,3.95,3.64,4.85,4.62,4.41,2.72,3.07,2.36,3.6,2.88,4.26,1.95,3.13,3.79,3.89,1.62,1.71,1.82,2.29,1.62,1.73,1.34,1.09,0.84,0.52,0.74,0.58,0.51,0.48,0.41,0.37,0.29,0.24,0.22,0.25,0.22,0.2,0.2,0.2,0.19,0.19,0.19,0.19,0.19,0.19,0.19,0.19,0.19,0.19,0.19,0.18
1282,4320,60,Juniper Coast,intermediate,0.49,0.76,0.56,1.01,0.93,0.8,1.61,1.32,1.32,2.23,2.55,1.83,2.62,2.07,3.12,1.98,2.76,4.05,4.51,4.4,3.86,3.79,2.23,2.83,3.01,4.12,2,2.67,2.67,2.41,3.65,3.49,1.95,2.03,1.7,1.84,1.35,0.99,1.48,1.32,0.67,0.77,0.79,0.67,0.59,0.49,0.44,0.3,0.3,0.36,0.25,0.29,0.23,0.22,0.21,0.2,0.19,0.19,0.19,0.19,0.18,0.18,0.18,0.18,0.17,0.18,0.17,0.17,0.17,0.17,0.17,0.23
1283,4320,60,Juniper Coast,intermediate,0.23,0.35,0.38,0.51,0.43,0.54,0.6,0.82,0.48,0.91,0.85,0.89,0.77,1,1.21,1.53,1.9,1.1,1.96,1.73,1.39,2.02,2.71,2.62,3.38,1.65,2.42,3.61,2.36,4.09,3.71,3.39,3.51,3.77,2.6,2.66,3.82,2.68,2.21,2.14,2.04,1.83,1.84,2.32,1.09,1.83,1.78,1.42,1.47,1.03,0.88,1.02,0.62,0.75,0.63,0.63,0.48,0.29,0.34,0.34,0.26,0.3,0.24,0.2,0.2,0.19,0.19,0.19,0.17,0.18,0.17,0.15
1284,4320,60,Juniper Coast,intermediate,0.18,0.19,0.21,0.22,0.29,0.34,0.35,0.31,0.45,0.47,0.5,0.53,0.69,0.84,0.71,0.98,0.65,1.06,0.8,1.59,1.19,1.45,1.87,2.23,2.17,1.44,2.79,1.7,2.86,2.42,2.82,2.34,3.25,3.5,1.83,3.36,2.98,2.01,2.9,3.44,3.66,2.6,2.86,3.42,3.2,2.38,1.84,1.76,1.69,1.2,1.02,2.04,1.3,0.86,1.03,0.81,0.93,0.75,0.62,0.87,0.87,0.44,0.54,0.62,0.55,0.47,0.32,0.4,0.27,0.24,0.28,0.25
1285,4320,60,Juniper Coast,intermediate,0.15,0.16,0.16,0.16,0.17,0.19,0.17,0.17,0.2,0.21,0.2,0.3,0.23,0.35,0.4,0.41,0.29,0.3,0.56,0.55,0.5,0.79,0.58,0.83,0.78,0.84,0.82,1.38,0.91,1.07,1.15,1.86,1.75,1.34,1.7,1.62,1.8,2.84,1.63,3.09,2.43,1.49,2.46,2.33,1.91,2.54,3.09,1.75,3.05,3.78,1.85,2.38,2.04,2.81,3.06,2.81,2.98,2.47,2.94,1.98,1.47,1.87,2.28,1.44,1.06,1.02,1.82,1.46,1.36,1.09,1.09,1.28
1286,4320,60,Juniper Coast,intermediate,0.16,0.2,0.22,0.19,0.19,0.26,0.24,0.26,0.24,0.28,0.44,0.3,0.3,0.35,0.6,0.58,0.57,0.83,0.57,0.9,1.01,0.95,0.99,1.44,0.91,1.68,0.99,1.69,1.51,1.09,1.87,1.98,1.67,2.47,2.52,2.08,2.12,1.42,2.45,1.56,1.93,3.49,2.29,2.21,2.56,1.85,2.6,2.03,3.14,2.38,3.5,1.7,1.76,1.52,1.79,1.3,2.28,1.7,2.51,1.2,1.36,1.29,2.14,1.37,1.7,0.83,1.3,1.48,1.33,1.16,1.1,1.12
1287,4320,60,Juniper Coast,intermediate,0.8,0.79,0.73,1.23,0.75,1.2,1.57,1.21,0.96,1.64,1.91,1.88,1.08,2.07,2.5,2.49,2.39,1.2,1.25,2.04,2.18,1.47,2.21,2.98,3.12,1.34,2.52,2.86,2.85,3.21,1.88,2.66,1.35,2.16,1.41,2.92,1.3,1.81,1.47,2.27,1.08,2.14,1.05,1.83,1.69,1.61,1.21,0.78,1.23,0.88,1.25,1.37,1.03,0.62,0.74,0.87,0.87,0.69,0.55,0.69,0.42,0.51,0.35,0.45,0.29,0.4,0.38,0.35,0.32,0.22,0.2,0.27
1288,4320,60,Juniper Coast,intermediate,1.15,1.24,0.97,1.05,1.49,1.18,1.4,1.87,1.63,2,1.81,1.58,1.34,2.1,1.16,1.28,1.22,1.89,2.16,2.97,2.22,2.97,1.49,2.38,2.92,2.73,1.64,1.73,2.28,1.39,2.09,3.13,1.44,1.26,2.96,1.88,1.9,1.6,1.62,2.04,2.36,1.68,1.44,1.15,1.83,0.93,0.94,0.83,0.84,1.45,1.21,0.81,1.31,0.89,0.74,0.98,0.83,0.73,0.48,0.7,0.6,0.58,0.54,0.43,0.34,0.3,0.39,0.38,0.33,0.27,0.29,0.26
1289,4320,60,Juniper Coast,intermediate,0.52,0.56,0.6,0.4,0.65,0.64,0.81,0.49,0.89,0.85,0.63,1.01,0.85,0.7,0.92,1.5,1.39,1.64,1.25,1.86,1.21,1.06,1.05,1.97,2.14,2.24,1.37,2.57,2.51,2.13,1.94,2.17,1.98,2.7,1.52,2.7,2.19,2.18,1.33,1.48,1.3,1.81,1.96,1.47,1.74,1.92,1.37,1.62,1.85,1.9,1.82,2.01,2.23,1.92,1.05,0.93,1.6,1.07,1.63,1.6,1.73,0.98,0.89,0.83,0.72,0.64,1.05,0.83,1.02,0.69,0.47,0.75
1290,4320,60,Juniper Coast,intermediate,1.24,0.97,1.47,1.47,1.69,0.93,2.03,1.09,1.83,1.12,1.56,0.99,2.4,2.13,1.88,2.43,2.54,1.71,2.36,2.48,1.17,2.65,1.5,2.09,1.84,2.86,2.18,2.21,1.23,2.41,2.79,1.98,1.68,2.58,1.43,2.36,1.39,2.19,2.4,1.79,1.49,1.27,1.09,1.06,1.95,1.32,0.84,1.06,0.97,1.11,0.79,0.65,0.81,0.81,1.01,0.96,0.89,0.63,0.84,0.69,0.39,0.37,0.44,0.43,0.37,0.45,0.48,0.49,0.35,0.37,0.3,0.27
1291,4320,60,Juniper Coast,rare,0.33,0.28,0.47,0.34,0.49,0.78,0.83,1.03,0.88,1.36,1.29,1.44,1.79,2.1,2.39,1.8,2.71,3.8,3.34,3.73,2.7,3.5,2.68,3.31,2.51,2.47,4.95,3.47,3.55,3.91,4.32,4.09,1.95,2.43,2.35,2.78,2.42,1.8,1.56,1.23,1.41,0.71,0.89,0.9,0.65,0.49,0.33,0.31,0.34,0.33,0.26,0.23,0.25,0.24,0.21,0.21,0.21,0.2,0.2,0.2,0.19,0.19,0.19,0.19,0.19,0.19,0.19,0.19,0.19,0.19,0.19,0.18
1292,4320,60,Juniper Coast,rare,0.21,0.24,0.22,0.25,0.29,0.38,0.36,0.49,0.56,0.39,0.58,0.78,0.58,1.14,0.93,1.48,1.43,1.74,1.17,2.47,2.47,1.65,1.86,2.7,1.8,3.09,2.02,3.77,4.22,4.16,3.94,2.58,2.6,4.08,3.73,3.79,3.67,2.62,3.89,2.68,2.54,2.98,1.62,1.34,1.44,1,1.09,1.7,1.2,0.77,0.7,0.68,0.8,0.55,0.44,0.49,0.42,0.33,0.27,0.31,0.28,0.22,0.22,0.21,0.19,0.18,0.17,0.18,0.17,0.17,0.17,0.16
1293,4320,60,Juniper Coast,rare,0.17,0.18,0.17,0.18,0.2,0.21,0.23,0.24,0.25,0.3,0.26,0.3,0.29,0.29,0.38,0.38,0.66,0.51,0.53,0.55,0.77,1.19,1.26,0.95,1.58,1.48,1.26,2.27,2.05,2.73,2.82,3.11,1.63,3.41,2.76,2.63,3.26,4.16,3.42,3.11,3.67,3.46,2.13,2.25,3.74,2.19,2.04,2.77,2.39,1.5,2.21,2.13,1.62,1.52,1.26,2.12,1.33,0.89,1.13,0.95,0.64,1.11,0.77,0.76,0.5,0.55,0.39,0.51,0.46,0.35,0.27,0.26
1294,4320,60,Juniper Coast,rare,0.15,0.15,0.16,0.16,0.16,0.16,0.16,0.17,0.18,0.19,0.17,0.2,0.22,0.19,0.23,0.22,0.23,0.32,0.34,0.44,0.32,0.42,0.39,0.71,0.73,0.71,0.77,0.54,1.26,0.85,0.98,1.67,1.74,1.12,2.2,1.09,1.32,1.48,1.8,2.82,1.83,3.22,3.2,2.94,3.11,2.02,1.66,3.04,2.46,2.2,3.84,3.66,2.39,2.26,3.08,1.85,2.85,3.19,2.8,2.53,1.87,1.96,2.12,2.01,2.17,1.4,1.45,1.37,0.99,1.28,1.26,0.87
1295,4320,60,Juniper Coast,rare,0.23,0.33,0.31,0.32,0.33,0.47,0.45,0.63,0.48,0.76,0.47,0.86,0.97,0.74,0.66,1.3,0.68,1.64,1.25,1.37,1.09,1.56,1.53,2.18,2,2.38,2.83,2.34,1.66,2.91,2.93,2.22,2.73,3.35,2.74,2.77,3.55,1.62,2.4,3.01,2.1,1.39,2.3,2.75,1.47,2.08,1.79,1.26,1.64,1.55,1.45,2.01,1.43,1.76,1.18,1.04,1.12,1.2,1.26,0.89,1.04,0.58,0.81,0.62,0.52,0.42,0.48,0.41,0.45,0.37,0.33,0.25
1296,4320,60,Juniper Coast,rare,0.74,0.64,0.73,0.83,0.88,0.61,0.67,1.23,0.71,1.37,0.88,1.43,1.92,1.18,1.65,1.87,2.16,1.59,1.65,1.65,1.24,1.94,1.81,1.71,3.37,2.82,1.86,1.78,2.36,2.06,1.61,2.53,3.2,3.01,3.31,3.18,1.87,1.48,2.07,2.54,1.64,2.65,2.28,2.36,1.41,1.39,1.48,1.54,1.77,0.79,1.1,1.22,1.06,0.87,1.11,0.54,0.62,0.51,0.45,0.73,0.7,0.43,0.51,0.49,0.32,0.4,0.31,0.33,0.21,0.2,0.19,0.25
1297,4320,60,Juniper Coast,rare,0.36,0.28,0.25,0.29,0.39,0.4,0.44,0.37,0.63,0.77,0.79,0.6,0.65,0.85,0.92,0.96,0.83,0.68,1.25,1.21,1.63,1.65,1.43,1.5,1.68,1.9,1.38,2.01,1.45,2.06,2.56,1.35,1.48,2.5,2.14,2.72,1.99,3.08,1.9,2.29,2.4,2.15,2.63,1.5,2.63,2.52,1.42,2.1,1.91,1.61,2.67,1.52,1.48,1.35,2.07,1.86,1.54,1.07,1.41,1.62,1.5,1.51,0.85,0.92,1.14,1.02,0.68,0.56,0.59,0.7,0.71,0.74
1298,4320,60,Juniper Coast,rare,0.97,0.55,0.86,0.59,1.3,1.35,1.41,1.11,1.62,1.33,1.37,1.19,1.36,1.28,2.22,1.75,1.25,1.96,2.5,1.25,1.51,2.29,1.49,2.95,1.97,2.99,2.34,1.86,2.26,2.28,2.96,2.82,2.3,2.14,2.01,2.86,1.51,1.72,1.39,2.33,1.22,2.23,1.21,2.35,1.12,1.07,1.32,1.27,1.49,1.19,0.9,0.74,1.45,1.07,0.65,1.08,0.61,1.04,0.84,0.47,0.81,0.56,0.72,0.36,0.33,0.56,0.31,0.49,0.41,0.34,0.32,0.27
1299,4320,60,Juniper Coast,rare,0.67,0.54,0.62,0.54,0.59,0.65,0.49,1.11,0.92,0.71,1.27,1.14,1.06,1.35,1.39,1.3,1.75,1.66,0.9,1.25,2.09,1.71,1.49,2.09,1.96,1.12,1.09,2.21,1.86,1.42,1.3,2.67,1.48,2.9,2.76,1.56,2.62,1.98,1.98,2.64,1.43,2.57,1.18,2.49,1.41,2.54,1.1,1.24,1.12,1.39,1.06,1.66,1.09,1.15,1.8,1.89,1.77,1.19,1.07,0.83,1.09,1.13,1.26,1.01,1.06,1,0.97,0.9,0.83,0.79,0.65,0.49
1300,4320,60,Juniper Coast,rare,0.72,0.77,0.62,0.69,0.75,1.03,0.94,0.61,1.39,0.74,1.57,1.07,1.47,0.8,1.61,2.04,1.26,1.04,1.93,1.22,1.03,2.11,2.2,1.74,1.66,2.3,1.79,1.76,1.49,2.1,2.17,2.09,1.98,1.41,1.73,2.57,1.37,2.79,1.34,1.51,2.13,2.13,1.13,2,2.16,1.34,1.49,1.11,1.57,1.73,1.65,1.74,2.04,1.92,1.3,0.79,1.46,1.57,1.19,0.79,0.95,0.77,1.29,1.23,0.92,0.8,0.92,0.54,0.55,0.58,0.41,0.39
